Date,Open,High,Low,Close*,Adj Close**,Volume
28-Dec-18,2498.77,2520.27,2472.89,2485.74,2485.74,3702620000
27-Dec-18,2442.5,2489.1,2397.94,2488.83,2488.83,4096610000
26-Dec-18,2363.12,2467.76,2346.58,2467.7,2467.7,4233990000
24-Dec-18,2400.56,2410.34,2351.1,2351.1,2351.1,2613930000
21-Dec-18,2465.38,2504.41,2408.55,2416.62,2416.62,7609010000
20-Dec-18,2496.77,2509.63,2441.18,2467.42,2467.42,5585780000
19-Dec-18,2547.05,2585.29,2488.96,2506.96,2506.96,5127940000
18-Dec-18,2559.9,2573.99,2528.71,2546.16,2546.16,4470880000
17-Dec-18,2590.75,2601.13,2530.54,2545.94,2545.94,4616350000
14-Dec-18,2629.68,2635.07,2593.84,2599.95,2599.95,4035020000
13-Dec-18,2658.7,2670.19,2637.27,2650.54,2650.54,3927720000
12-Dec-18,2658.23,2685.44,2650.26,2651.07,2651.07,3958890000
11-Dec-18,2664.44,2674.35,2621.3,2636.78,2636.78,3905870000
10-Dec-18,2630.86,2647.51,2583.23,2637.72,2637.72,4151030000
7-Dec-18,2691.26,2708.54,2623.14,2633.08,2633.08,4216690000
6-Dec-18,2663.51,2696.15,2621.53,2695.95,2695.95,5141470000
4-Dec-18,2782.43,2785.93,2697.18,2700.06,2700.06,4499840000
3-Dec-18,2790.5,2800.18,2773.38,2790.37,2790.37,4186060000
30-Nov-18,2737.76,2760.88,2732.76,2760.17,2760.17,4658580000
29-Nov-18,2736.97,2753.75,2722.94,2737.8,2737.8,3560770000
28-Nov-18,2691.45,2744,2684.38,2743.79,2743.79,3951670000
27-Nov-18,2663.75,2682.53,2655.89,2682.17,2682.17,3485220000
26-Nov-18,2649.97,2674.35,2649.97,2673.45,2673.45,3443950000
23-Nov-18,2633.36,2647.55,2631.09,2632.56,2632.56,1651650000
21-Nov-18,2657.74,2670.73,2649.82,2649.93,2649.93,3233550000
20-Nov-18,2654.6,2669.44,2631.52,2641.89,2641.89,4357900000
19-Nov-18,2730.74,2733.16,2681.09,2690.73,2690.73,3772900000
16-Nov-18,2718.54,2746.75,2712.16,2736.27,2736.27,3975180000
15-Nov-18,2693.52,2735.38,2670.75,2730.2,2730.2,4179140000
14-Nov-18,2737.9,2746.8,2685.75,2701.58,2701.58,4402370000
13-Nov-18,2730.05,2754.6,2714.98,2722.18,2722.18,4091440000
12-Nov-18,2773.93,2775.99,2722,2726.22,2726.22,3670930000
9-Nov-18,2794.1,2794.1,2764.24,2781.01,2781.01,4019090000
8-Nov-18,2806.38,2814.75,2794.99,2806.83,2806.83,3630490000
7-Nov-18,2774.13,2815.15,2774.13,2813.89,2813.89,3914750000
6-Nov-18,2738.4,2756.82,2737.08,2755.45,2755.45,3510860000
5-Nov-18,2726.37,2744.27,2717.94,2738.31,2738.31,3623320000
2-Nov-18,2745.45,2756.55,2700.44,2723.06,2723.06,4237930000
1-Nov-18,2717.58,2741.67,2708.85,2740.37,2740.37,4708420000
31-Oct-18,2705.6,2736.69,2705.6,2711.74,2711.74,5112420000
30-Oct-18,2640.68,2685.43,2635.34,2682.63,2682.63,5106380000
29-Oct-18,2682.65,2706.85,2603.54,2641.25,2641.25,4673700000
26-Oct-18,2667.86,2692.38,2628.16,2658.69,2658.69,4803150000
25-Oct-18,2674.88,2722.7,2667.84,2705.57,2705.57,4634770000
24-Oct-18,2737.87,2742.59,2651.89,2656.1,2656.1,4709310000
23-Oct-18,2721.03,2753.59,2691.43,2740.69,2740.69,4348580000
22-Oct-18,2773.94,2778.94,2749.22,2755.88,2755.88,3307140000
19-Oct-18,2775.66,2797.77,2760.27,2767.78,2767.78,3566490000
18-Oct-18,2802,2806.04,2755.18,2768.78,2768.78,3616440000
17-Oct-18,2811.67,2816.94,2781.81,2809.21,2809.21,3321710000
16-Oct-18,2767.05,2813.46,2766.91,2809.92,2809.92,3428340000
15-Oct-18,2763.83,2775.99,2749.03,2750.79,2750.79,3300140000
12-Oct-18,2770.54,2775.77,2729.44,2767.13,2767.13,3966040000
11-Oct-18,2776.87,2795.14,2710.51,2728.37,2728.37,4890630000
10-Oct-18,2873.9,2874.02,2784.86,2785.68,2785.68,4501250000
9-Oct-18,2882.51,2894.83,2874.27,2880.34,2880.34,3520500000
8-Oct-18,2877.53,2889.45,2862.08,2884.43,2884.43,3330320000
5-Oct-18,2902.54,2909.64,2869.29,2885.57,2885.57,3328980000
4-Oct-18,2919.35,2919.78,2883.92,2901.61,2901.61,3496860000
3-Oct-18,2931.69,2939.86,2921.36,2925.51,2925.51,3598710000
2-Oct-18,2923.8,2931.42,2919.37,2923.43,2923.43,3401880000
1-Oct-18,2926.29,2937.06,2917.91,2924.59,2924.59,3364190000
28-Sep-18,2910.03,2920.53,2907.5,2913.98,2913.98,3432300000
27-Sep-18,2911.65,2927.22,2909.27,2914,2914,3060850000
26-Sep-18,2916.98,2931.15,2903.28,2905.97,2905.97,3388620000
25-Sep-18,2921.75,2923.95,2913.7,2915.56,2915.56,3285480000
24-Sep-18,2921.83,2923.79,2912.63,2919.37,2919.37,3372210000
21-Sep-18,2936.76,2940.91,2927.11,2929.67,2929.67,5607610000
20-Sep-18,2919.73,2934.8,2919.73,2930.75,2930.75,3337730000
19-Sep-18,2906.6,2912.36,2903.82,2907.95,2907.95,3280020000
18-Sep-18,2890.74,2911.17,2890.43,2904.31,2904.31,3074610000
17-Sep-18,2903.83,2904.65,2886.16,2888.8,2888.8,2947760000
14-Sep-18,2906.38,2908.3,2895.77,2904.98,2904.98,3149800000
13-Sep-18,2896.85,2906.76,2896.39,2904.18,2904.18,3254930000
12-Sep-18,2888.29,2894.65,2879.2,2888.92,2888.92,3264930000
11-Sep-18,2871.57,2892.52,2866.78,2887.89,2887.89,2899660000
10-Sep-18,2881.39,2886.93,2875.94,2877.13,2877.13,2731400000
7-Sep-18,2868.26,2883.81,2864.12,2871.68,2871.68,2946270000
6-Sep-18,2888.64,2892.05,2867.29,2878.05,2878.05,3139590000
5-Sep-18,2891.59,2894.21,2876.92,2888.6,2888.6,3241250000
4-Sep-18,2896.96,2900.18,2885.13,2896.72,2896.72,3077060000
31-Aug-18,2898.37,2906.32,2891.73,2901.52,2901.52,2880260000
30-Aug-18,2908.94,2912.46,2895.22,2901.13,2901.13,2802180000
29-Aug-18,2900.62,2916.5,2898.4,2914.04,2914.04,2791860000
28-Aug-18,2901.45,2903.77,2893.5,2897.52,2897.52,2683190000
27-Aug-18,2884.69,2898.25,2884.69,2896.74,2896.74,2854080000
24-Aug-18,2862.35,2876.16,2862.35,2874.69,2874.69,2596190000
23-Aug-18,2860.29,2868.78,2854.03,2856.98,2856.98,2713910000
22-Aug-18,2860.99,2867.54,2856.05,2861.82,2861.82,2689560000
21-Aug-18,2861.51,2873.23,2861.32,2862.96,2862.96,3147140000
20-Aug-18,2853.93,2859.76,2850.62,2857.05,2857.05,2748020000
17-Aug-18,2838.32,2855.63,2833.73,2850.13,2850.13,3024100000
16-Aug-18,2831.44,2850.49,2831.44,2840.69,2840.69,3219880000
15-Aug-18,2827.95,2827.95,2802.49,2818.37,2818.37,3645070000
14-Aug-18,2827.88,2843.11,2826.58,2839.96,2839.96,2976970000
13-Aug-18,2835.46,2843.4,2819.88,2821.93,2821.93,3158450000
10-Aug-18,2838.9,2842.2,2825.81,2833.28,2833.28,3256040000
9-Aug-18,2857.19,2862.48,2851.98,2853.58,2853.58,3047050000
8-Aug-18,2856.79,2862.44,2853.09,2857.7,2857.7,2972200000
7-Aug-18,2855.92,2863.43,2855.92,2858.45,2858.45,3162770000
6-Aug-18,2840.29,2853.29,2835.98,2850.4,2850.4,2874540000
3-Aug-18,2829.62,2840.38,2827.37,2840.35,2840.35,3030390000
2-Aug-18,2800.48,2829.91,2796.34,2827.22,2827.22,3467380000
1-Aug-18,2821.17,2825.83,2805.85,2813.36,2813.36,3496990000
31-Jul-18,2809.73,2824.46,2808.06,2816.29,2816.29,3892100000
30-Jul-18,2819,2821.74,2798.11,2802.6,2802.6,3245770000
27-Jul-18,2842.35,2843.17,2808.34,2818.82,2818.82,3415710000
26-Jul-18,2835.49,2845.57,2835.26,2837.44,2837.44,3653330000
25-Jul-18,2817.73,2848.03,2817.73,2846.07,2846.07,3553010000
24-Jul-18,2820.68,2829.99,2811.12,2820.4,2820.4,3417530000
23-Jul-18,2799.17,2808.61,2795.14,2806.98,2806.98,2907430000
20-Jul-18,2804.55,2809.7,2800.01,2801.83,2801.83,3230210000
19-Jul-18,2809.37,2812.05,2799.77,2804.49,2804.49,3266700000
18-Jul-18,2811.35,2816.76,2805.89,2815.62,2815.62,3089780000
17-Jul-18,2789.34,2814.19,2789.24,2809.55,2809.55,3050730000
16-Jul-18,2797.36,2801.19,2793.39,2798.43,2798.43,2812230000
13-Jul-18,2796.93,2804.53,2791.69,2801.31,2801.31,2614000000
12-Jul-18,2783.14,2799.22,2781.53,2798.29,2798.29,2821690000
11-Jul-18,2779.82,2785.91,2770.77,2774.02,2774.02,2964740000
10-Jul-18,2788.56,2795.58,2786.24,2793.84,2793.84,3063850000
9-Jul-18,2775.62,2784.65,2770.73,2784.17,2784.17,3050040000
6-Jul-18,2737.68,2764.41,2733.52,2759.82,2759.82,2554780000
5-Jul-18,2724.19,2737.83,2716.02,2736.61,2736.61,2953420000
3-Jul-18,2733.27,2736.58,2711.16,2713.22,2713.22,1911470000
2-Jul-18,2704.95,2727.26,2698.95,2726.71,2726.71,3073650000
29-Jun-18,2727.13,2743.26,2718.03,2718.37,2718.37,3565620000
28-Jun-18,2698.69,2724.34,2691.99,2716.31,2716.31,3428140000
27-Jun-18,2728.45,2746.09,2699.38,2699.63,2699.63,3776090000
26-Jun-18,2722.12,2732.91,2715.6,2723.06,2723.06,3555090000
25-Jun-18,2742.94,2742.94,2698.67,2717.07,2717.07,3655080000
22-Jun-18,2760.79,2764.17,2752.68,2754.88,2754.88,5450550000
21-Jun-18,2769.28,2769.28,2744.39,2749.76,2749.76,3300060000
20-Jun-18,2769.73,2774.86,2763.91,2767.32,2767.32,3327600000
19-Jun-18,2752.01,2765.05,2743.19,2762.59,2762.59,3661470000
18-Jun-18,2765.79,2774.99,2757.12,2773.75,2773.75,3287150000
15-Jun-18,2777.78,2782.81,2761.73,2779.66,2779.66,5428790000
14-Jun-18,2783.21,2789.06,2776.52,2782.49,2782.49,3526890000
13-Jun-18,2787.94,2791.47,2774.65,2775.63,2775.63,3779230000
12-Jun-18,2785.6,2789.8,2778.78,2786.85,2786.85,3401010000
11-Jun-18,2780.18,2790.21,2780.17,2782,2782,3232330000
8-Jun-18,2765.84,2779.39,2763.59,2779.03,2779.03,3123210000
7-Jun-18,2774.84,2779.9,2760.16,2770.37,2770.37,3711330000
6-Jun-18,2753.25,2772.39,2748.46,2772.35,2772.35,3651640000
5-Jun-18,2748.46,2752.61,2739.51,2748.8,2748.8,3517790000
4-Jun-18,2741.67,2749.16,2740.54,2746.87,2746.87,3376510000
1-Jun-18,2718.7,2736.93,2718.7,2734.62,2734.62,3684130000
31-May-18,2720.98,2722.5,2700.68,2705.27,2705.27,4235370000
30-May-18,2702.43,2729.34,2702.43,2724.01,2724.01,3561050000
29-May-18,2705.11,2710.67,2676.81,2689.86,2689.86,3736890000
25-May-18,2723.6,2727.36,2714.99,2721.33,2721.33,2995260000
24-May-18,2730.94,2731.97,2707.38,2727.76,2727.76,3256030000
23-May-18,2713.98,2733.33,2709.54,2733.29,2733.29,3326290000
22-May-18,2738.34,2742.24,2721.88,2724.44,2724.44,3366310000
21-May-18,2735.39,2739.19,2725.7,2733.01,2733.01,3019890000
18-May-18,2717.35,2719.5,2709.18,2712.97,2712.97,3368690000
17-May-18,2719.71,2731.96,2711.36,2720.13,2720.13,3475400000
16-May-18,2712.62,2727.76,2712.17,2722.46,2722.46,3202670000
15-May-18,2718.59,2718.59,2701.91,2711.45,2711.45,3290680000
14-May-18,2738.47,2742.1,2725.47,2730.13,2730.13,2972660000
11-May-18,2722.7,2732.86,2717.45,2727.72,2727.72,2862700000
10-May-18,2705.02,2726.11,2704.54,2723.07,2723.07,3333050000
9-May-18,2678.12,2701.27,2674.14,2697.79,2697.79,3909500000
8-May-18,2670.26,2676.34,2655.2,2671.92,2671.92,3717570000
7-May-18,2680.34,2683.35,2664.7,2672.63,2672.63,3237960000
4-May-18,2621.45,2670.93,2615.32,2663.42,2663.42,3327220000
3-May-18,2628.08,2637.14,2594.62,2629.73,2629.73,3851470000
2-May-18,2654.24,2660.87,2631.7,2635.67,2635.67,4010770000
1-May-18,2642.96,2655.27,2625.41,2654.8,2654.8,3559850000
30-Apr-18,2682.51,2682.87,2648.04,2648.05,2648.05,3734530000
27-Apr-18,2675.47,2677.35,2659.01,2669.91,2669.91,3219030000
26-Apr-18,2651.65,2676.48,2647.16,2666.94,2666.94,3665720000
25-Apr-18,2634.92,2645.3,2612.67,2639.4,2639.4,3499440000
24-Apr-18,2680.8,2683.55,2617.32,2634.56,2634.56,3706740000
23-Apr-18,2675.4,2682.86,2657.99,2670.29,2670.29,3017480000
20-Apr-18,2692.56,2693.94,2660.61,2670.14,2670.14,3388590000
19-Apr-18,2701.16,2702.84,2681.9,2693.13,2693.13,3349370000
18-Apr-18,2710.11,2717.49,2703.63,2708.64,2708.64,3383410000
17-Apr-18,2692.74,2713.34,2692.05,2706.39,2706.39,3234360000
16-Apr-18,2670.1,2686.49,2665.16,2677.84,2677.84,3019700000
13-Apr-18,2676.9,2680.26,2645.05,2656.3,2656.3,2960910000
12-Apr-18,2653.83,2674.72,2653.83,2663.99,2663.99,3021320000
11-Apr-18,2643.89,2661.43,2639.25,2642.19,2642.19,3020760000
10-Apr-18,2638.41,2665.45,2635.78,2656.87,2656.87,3543930000
9-Apr-18,2617.18,2653.55,2610.79,2613.16,2613.16,3062960000
6-Apr-18,2645.82,2656.88,2586.27,2604.47,2604.47,3299700000
5-Apr-18,2657.36,2672.08,2649.58,2662.84,2662.84,3178970000
4-Apr-18,2584.04,2649.86,2573.61,2644.69,2644.69,3350340000
3-Apr-18,2592.17,2619.14,2575.49,2614.45,2614.45,3392810000
2-Apr-18,2633.45,2638.3,2553.8,2581.88,2581.88,3598520000
29-Mar-18,2614.41,2659.07,2609.72,2640.87,2640.87,3565990000
28-Mar-18,2611.3,2632.65,2593.06,2605,2605,3864500000
27-Mar-18,2667.57,2674.78,2596.12,2612.62,2612.62,3706350000
26-Mar-18,2619.35,2661.36,2601.81,2658.55,2658.55,3511100000
23-Mar-18,2646.71,2657.67,2585.89,2588.26,2588.26,3815080000
22-Mar-18,2691.36,2695.68,2641.59,2643.69,2643.69,3739800000
21-Mar-18,2714.99,2739.14,2709.79,2711.93,2711.93,3415510000
20-Mar-18,2715.05,2724.22,2710.05,2716.94,2716.94,3261030000
19-Mar-18,2741.38,2741.38,2694.59,2712.92,2712.92,3302130000
16-Mar-18,2750.57,2761.85,2749.97,2752.01,2752.01,5372340000
15-Mar-18,2754.27,2763.03,2741.47,2747.33,2747.33,3500330000
14-Mar-18,2774.06,2777.11,2744.38,2749.48,2749.48,3391360000
13-Mar-18,2792.31,2801.9,2758.68,2765.31,2765.31,3301650000
12-Mar-18,2790.54,2796.98,2779.26,2783.02,2783.02,3185020000
9-Mar-18,2752.91,2786.57,2751.54,2786.57,2786.57,3364100000
8-Mar-18,2732.75,2740.45,2722.65,2738.97,2738.97,3212320000
7-Mar-18,2710.18,2730.6,2701.74,2726.8,2726.8,3393270000
6-Mar-18,2730.18,2732.08,2711.26,2728.12,2728.12,3370690000
5-Mar-18,2681.06,2728.09,2675.75,2720.94,2720.94,3710810000
2-Mar-18,2658.89,2696.25,2647.32,2691.25,2691.25,3882450000
1-Mar-18,2715.22,2730.89,2659.65,2677.67,2677.67,4503970000
28-Feb-18,2753.78,2761.52,2713.54,2713.83,2713.83,4230660000
27-Feb-18,2780.45,2789.15,2744.22,2744.28,2744.28,3745080000
26-Feb-18,2757.37,2780.64,2753.78,2779.6,2779.6,3424650000
23-Feb-18,2715.8,2747.76,2713.74,2747.3,2747.3,3189190000
22-Feb-18,2710.42,2731.26,2697.77,2703.96,2703.96,3701270000
21-Feb-18,2720.53,2747.75,2701.29,2701.33,2701.33,3779400000
20-Feb-18,2722.99,2737.6,2706.76,2716.26,2716.26,3627610000
16-Feb-18,2727.14,2754.42,2725.11,2732.22,2732.22,3637460000
15-Feb-18,2713.46,2731.51,2689.82,2731.2,2731.2,3684910000
14-Feb-18,2651.21,2702.1,2648.87,2698.63,2698.63,4003740000
13-Feb-18,2646.27,2668.84,2637.08,2662.94,2662.94,3472870000
12-Feb-18,2636.75,2672.61,2622.45,2656,2656,4055790000
9-Feb-18,2601.78,2638.67,2532.69,2619.55,2619.55,5680070000
8-Feb-18,2685.01,2685.27,2580.56,2581,2581,5305440000
7-Feb-18,2690.95,2727.67,2681.33,2681.66,2681.66,4626570000
6-Feb-18,2614.78,2701.04,2593.07,2695.14,2695.14,5891660000
5-Feb-18,2741.06,2763.39,2638.17,2648.94,2648.94,5283460000
2-Feb-18,2808.92,2808.92,2759.97,2762.13,2762.13,4301130000
1-Feb-18,2816.45,2835.96,2812.7,2821.98,2821.98,3938450000
31-Jan-18,2832.41,2839.26,2813.04,2823.81,2823.81,4261280000
30-Jan-18,2832.74,2837.75,2818.27,2822.43,2822.43,3990650000
29-Jan-18,2867.23,2870.62,2851.48,2853.53,2853.53,3573830000
26-Jan-18,2847.48,2872.87,2846.18,2872.87,2872.87,3443230000
25-Jan-18,2846.24,2848.56,2830.94,2839.25,2839.25,3835150000
24-Jan-18,2845.42,2852.97,2824.81,2837.54,2837.54,4014070000
23-Jan-18,2835.05,2842.24,2830.59,2839.13,2839.13,3519650000
22-Jan-18,2809.16,2833.03,2808.12,2832.97,2832.97,3471780000
19-Jan-18,2802.6,2810.33,2798.08,2810.3,2810.3,3639430000
18-Jan-18,2802.4,2805.83,2792.56,2798.03,2798.03,3681470000
17-Jan-18,2784.99,2807.04,2778.38,2802.56,2802.56,3778050000
16-Jan-18,2798.96,2807.54,2768.64,2776.42,2776.42,4325970000
12-Jan-18,2770.18,2787.85,2769.64,2786.24,2786.24,3573970000
11-Jan-18,2752.97,2767.56,2752.78,2767.56,2767.56,3641320000
10-Jan-18,2745.55,2750.8,2736.06,2748.23,2748.23,3576350000
9-Jan-18,2751.15,2759.14,2747.86,2751.29,2751.29,3453480000
8-Jan-18,2742.67,2748.51,2737.6,2747.71,2747.71,3242650000
5-Jan-18,2731.33,2743.45,2727.92,2743.15,2743.15,3236620000
4-Jan-18,2719.31,2729.29,2719.07,2723.99,2723.99,3695260000
3-Jan-18,2697.85,2714.37,2697.77,2713.06,2713.06,3538660000
2-Jan-18,2683.73,2695.89,2682.36,2695.81,2695.81,3367250000
29-Dec-17,2689.15,2692.12,2673.61,2673.61,2673.61,2443490000
28-Dec-17,2686.1,2687.66,2682.69,2687.54,2687.54,2153330000
27-Dec-17,2682.1,2685.64,2678.91,2682.62,2682.62,2202080000
26-Dec-17,2679.09,2682.74,2677.96,2680.5,2680.5,1968780000
22-Dec-17,2684.22,2685.35,2678.13,2683.34,2683.34,2399830000
21-Dec-17,2683.02,2692.64,2682.4,2684.57,2684.57,3273390000
20-Dec-17,2688.18,2691.01,2676.11,2679.25,2679.25,3241030000
19-Dec-17,2692.71,2694.44,2680.74,2681.47,2681.47,3368590000
18-Dec-17,2685.92,2694.97,2685.92,2690.16,2690.16,3724660000
15-Dec-17,2660.63,2679.63,2659.14,2675.81,2675.81,5723920000
14-Dec-17,2665.87,2668.09,2652.01,2652.01,2652.01,3430030000
13-Dec-17,2667.59,2671.88,2662.85,2662.85,2662.85,3542370000
12-Dec-17,2661.73,2669.72,2659.78,2664.11,2664.11,3555680000
11-Dec-17,2652.19,2660.33,2651.47,2659.99,2659.99,3091950000
8-Dec-17,2646.21,2651.65,2644.1,2651.5,2651.5,3106150000
7-Dec-17,2628.38,2640.99,2626.53,2636.98,2636.98,3292400000
6-Dec-17,2626.24,2634.41,2624.75,2629.27,2629.27,3229000000
5-Dec-17,2639.78,2648.72,2627.73,2629.57,2629.57,3539040000
4-Dec-17,2657.19,2665.19,2639.03,2639.44,2639.44,4023150000
1-Dec-17,2645.1,2650.62,2605.52,2642.22,2642.22,3942320000
30-Nov-17,2633.93,2657.74,2633.93,2647.58,2647.58,4938490000
29-Nov-17,2627.82,2634.89,2620.32,2626.07,2626.07,4078280000
28-Nov-17,2605.94,2627.69,2605.44,2627.04,2627.04,3488420000
27-Nov-17,2602.66,2606.41,2598.87,2601.42,2601.42,3006860000
24-Nov-17,2600.42,2604.21,2600.42,2602.42,2602.42,1349780000
22-Nov-17,2600.31,2600.94,2595.23,2597.08,2597.08,2762950000
21-Nov-17,2589.17,2601.19,2589.17,2599.03,2599.03,3332720000
20-Nov-17,2579.49,2584.64,2578.24,2582.14,2582.14,3003540000
17-Nov-17,2582.94,2583.96,2577.62,2578.85,2578.85,3300160000
16-Nov-17,2572.95,2590.09,2572.95,2585.64,2585.64,3312710000
15-Nov-17,2569.45,2572.84,2557.45,2564.62,2564.62,3558890000
14-Nov-17,2577.75,2579.66,2566.56,2578.87,2578.87,3641760000
13-Nov-17,2576.53,2587.66,2574.48,2584.84,2584.84,3402930000
10-Nov-17,2580.18,2583.81,2575.57,2582.3,2582.3,3486910000
9-Nov-17,2584,2586.5,2566.33,2584.62,2584.62,3831610000
8-Nov-17,2588.71,2595.47,2585.02,2594.38,2594.38,3899360000
7-Nov-17,2592.11,2597.02,2584.35,2590.64,2590.64,3809650000
6-Nov-17,2587.47,2593.38,2585.66,2591.13,2591.13,3539080000
3-Nov-17,2581.93,2588.42,2576.77,2587.84,2587.84,3567710000
2-Nov-17,2579.46,2581.11,2566.17,2579.85,2579.85,4048270000
1-Nov-17,2583.21,2588.4,2574.92,2579.36,2579.36,3813180000
31-Oct-17,2575.99,2578.29,2572.15,2575.26,2575.26,3827230000
30-Oct-17,2577.75,2580.03,2568.25,2572.83,2572.83,3658870000
27-Oct-17,2570.26,2582.98,2565.94,2581.07,2581.07,3887110000
26-Oct-17,2560.08,2567.07,2559.8,2560.4,2560.4,3869050000
25-Oct-17,2566.52,2567.4,2544,2557.15,2557.15,3874510000
24-Oct-17,2568.66,2572.18,2565.58,2569.13,2569.13,3427330000
23-Oct-17,2578.08,2578.29,2564.33,2564.98,2564.98,3211710000
20-Oct-17,2567.56,2575.44,2567.56,2575.21,2575.21,3384650000
19-Oct-17,2553.39,2562.36,2547.92,2562.1,2562.1,2990710000
18-Oct-17,2562.87,2564.11,2559.67,2561.26,2561.26,2998090000
17-Oct-17,2557.17,2559.71,2554.69,2559.36,2559.36,2889390000
16-Oct-17,2555.57,2559.47,2552.64,2557.64,2557.64,2916020000
13-Oct-17,2555.66,2557.65,2552.09,2553.17,2553.17,3149440000
12-Oct-17,2552.88,2555.33,2548.31,2550.93,2550.93,3151510000
11-Oct-17,2550.62,2555.24,2547.95,2555.24,2555.24,2976090000
10-Oct-17,2549.99,2555.23,2544.86,2550.64,2550.64,2960500000
9-Oct-17,2551.39,2551.82,2541.6,2544.73,2544.73,2483970000
6-Oct-17,2547.44,2549.41,2543.79,2549.33,2549.33,2884570000
5-Oct-17,2540.86,2552.51,2540.02,2552.07,2552.07,3045120000
4-Oct-17,2533.48,2540.53,2531.8,2537.74,2537.74,3017120000
3-Oct-17,2530.34,2535.13,2528.85,2534.58,2534.58,3068850000
2-Oct-17,2521.2,2529.23,2520.4,2529.12,2529.12,3199730000
29-Sep-17,2509.96,2519.44,2507.99,2519.36,2519.36,3211920000
28-Sep-17,2503.41,2510.81,2502.93,2510.06,2510.06,3168620000
27-Sep-17,2503.3,2511.75,2495.91,2507.04,2507.04,3456030000
26-Sep-17,2501.04,2503.51,2495.12,2496.84,2496.84,3043110000
25-Sep-17,2499.39,2502.54,2488.03,2496.66,2496.66,3297890000
22-Sep-17,2497.26,2503.47,2496.54,2502.22,2502.22,2865960000
21-Sep-17,2507.16,2507.16,2499,2500.6,2500.6,2930860000
20-Sep-17,2506.84,2508.85,2496.67,2508.24,2508.24,3530010000
19-Sep-17,2506.29,2507.84,2503.19,2506.65,2506.65,3249100000
18-Sep-17,2502.51,2508.32,2499.92,2503.87,2503.87,3194300000
15-Sep-17,2495.67,2500.23,2493.16,2500.23,2500.23,4853170000
14-Sep-17,2494.56,2498.43,2491.35,2495.62,2495.62,3414460000
13-Sep-17,2493.89,2498.37,2492.14,2498.37,2498.37,3368050000
12-Sep-17,2491.94,2496.77,2490.37,2496.48,2496.48,3230920000
11-Sep-17,2474.52,2488.95,2474.52,2488.11,2488.11,3291760000
8-Sep-17,2462.25,2467.11,2459.4,2461.43,2461.43,3302490000
7-Sep-17,2468.06,2468.62,2460.29,2465.1,2465.1,3353930000
6-Sep-17,2463.83,2469.64,2459.2,2465.54,2465.54,3374410000
5-Sep-17,2470.35,2471.97,2446.55,2457.85,2457.85,3490260000
1-Sep-17,2474.42,2480.38,2473.85,2476.55,2476.55,2710730000
31-Aug-17,2462.65,2475.01,2462.65,2471.65,2471.65,3348110000
30-Aug-17,2446.06,2460.31,2443.77,2457.59,2457.59,2633660000
29-Aug-17,2431.94,2449.19,2428.2,2446.3,2446.3,2737580000
28-Aug-17,2447.35,2449.12,2439.03,2444.24,2444.24,2677700000
25-Aug-17,2444.72,2453.96,2442.22,2443.05,2443.05,2588780000
24-Aug-17,2447.91,2450.39,2436.19,2438.97,2438.97,2846590000
23-Aug-17,2444.88,2448.91,2441.42,2444.04,2444.04,2785290000
22-Aug-17,2433.75,2454.77,2433.67,2452.51,2452.51,2777490000
21-Aug-17,2425.5,2430.58,2417.35,2428.37,2428.37,2788150000
18-Aug-17,2427.64,2440.27,2420.69,2425.55,2425.55,3415680000
17-Aug-17,2462.95,2465.02,2430.01,2430.01,2430.01,3142620000
16-Aug-17,2468.63,2474.93,2463.86,2468.11,2468.11,2953650000
15-Aug-17,2468.66,2468.9,2461.61,2464.61,2464.61,2913100000
14-Aug-17,2454.96,2468.22,2454.96,2465.84,2465.84,2822550000
11-Aug-17,2441.04,2448.09,2437.85,2441.32,2441.32,3159930000
10-Aug-17,2465.38,2465.38,2437.75,2438.21,2438.21,3621070000
9-Aug-17,2465.35,2474.41,2462.08,2474.02,2474.02,3308060000
8-Aug-17,2478.35,2490.87,2470.32,2474.92,2474.92,3344640000
7-Aug-17,2477.14,2480.95,2475.88,2480.91,2480.91,2931780000
4-Aug-17,2476.88,2480,2472.08,2476.83,2476.83,3235140000
3-Aug-17,2476.03,2476.03,2468.85,2472.16,2472.16,3645020000
2-Aug-17,2480.38,2480.38,2466.48,2477.57,2477.57,3478580000
1-Aug-17,2477.1,2478.51,2471.14,2476.35,2476.35,3460860000
31-Jul-17,2475.94,2477.96,2468.53,2470.3,2470.3,3469210000
28-Jul-17,2469.12,2473.53,2464.66,2472.1,2472.1,3294770000
27-Jul-17,2482.76,2484.04,2459.93,2475.42,2475.42,3995520000
26-Jul-17,2479.97,2481.69,2474.94,2477.83,2477.83,3557020000
25-Jul-17,2477.88,2481.24,2474.91,2477.13,2477.13,4108060000
24-Jul-17,2472.04,2473.1,2466.32,2469.91,2469.91,3010240000
21-Jul-17,2467.4,2472.54,2465.06,2472.54,2472.54,3059570000
20-Jul-17,2475.56,2477.62,2468.43,2473.45,2473.45,3182780000
19-Jul-17,2463.85,2473.83,2463.85,2473.83,2473.83,3059760000
18-Jul-17,2455.88,2460.92,2450.34,2460.61,2460.61,2962130000
17-Jul-17,2459.5,2462.82,2457.16,2459.14,2459.14,2793170000
14-Jul-17,2449.16,2463.54,2446.69,2459.27,2459.27,2736640000
13-Jul-17,2444.99,2449.32,2441.69,2447.83,2447.83,3067670000
12-Jul-17,2435.75,2445.76,2435.75,2443.25,2443.25,3171620000
11-Jul-17,2427.35,2429.3,2412.79,2425.53,2425.53,3106750000
10-Jul-17,2424.51,2432,2422.27,2427.43,2427.43,2999130000
7-Jul-17,2413.52,2426.92,2413.52,2425.18,2425.18,2901330000
6-Jul-17,2423.44,2424.28,2407.7,2409.75,2409.75,3364520000
5-Jul-17,2430.78,2434.9,2422.05,2432.54,2432.54,3367220000
3-Jul-17,2431.39,2439.17,2428.69,2429.01,2429.01,1962290000
30-Jun-17,2429.2,2432.71,2421.65,2423.41,2423.41,3361590000
29-Jun-17,2442.38,2442.73,2405.7,2419.7,2419.7,3900280000
28-Jun-17,2428.7,2442.97,2428.02,2440.69,2440.69,3500800000
27-Jun-17,2436.34,2440.15,2419.38,2419.38,2419.38,3563910000
26-Jun-17,2443.32,2450.42,2437.03,2439.07,2439.07,3238970000
23-Jun-17,2434.65,2441.4,2431.11,2438.3,2438.3,5278330000
22-Jun-17,2437.4,2441.62,2433.27,2434.5,2434.5,3468210000
21-Jun-17,2439.31,2442.23,2430.74,2435.61,2435.61,3594820000
20-Jun-17,2450.66,2450.66,2436.6,2437.03,2437.03,3416510000
19-Jun-17,2442.55,2453.82,2441.79,2453.46,2453.46,3264700000
16-Jun-17,2431.24,2433.15,2422.88,2433.15,2433.15,5284720000
15-Jun-17,2424.14,2433.95,2418.53,2432.46,2432.46,3353050000
14-Jun-17,2443.75,2443.75,2428.34,2437.92,2437.92,3555590000
13-Jun-17,2434.15,2441.49,2431.28,2440.35,2440.35,3275500000
12-Jun-17,2425.88,2430.38,2419.97,2429.39,2429.39,4027750000
9-Jun-17,2436.39,2446.2,2415.7,2431.77,2431.77,4027340000
8-Jun-17,2434.27,2439.27,2427.94,2433.79,2433.79,3728860000
7-Jun-17,2432.03,2435.28,2424.75,2433.14,2433.14,3572300000
6-Jun-17,2431.92,2436.21,2428.12,2429.33,2429.33,3357840000
5-Jun-17,2437.83,2439.55,2434.32,2436.1,2436.1,2912600000
2-Jun-17,2431.28,2440.23,2427.71,2439.07,2439.07,3461680000
1-Jun-17,2415.65,2430.06,2413.54,2430.06,2430.06,3857140000
31-May-17,2415.63,2415.99,2403.59,2411.8,2411.8,4516110000
30-May-17,2411.67,2415.26,2409.43,2412.91,2412.91,3203160000
26-May-17,2414.5,2416.68,2412.2,2415.82,2415.82,2805040000
25-May-17,2409.54,2418.71,2408.01,2415.07,2415.07,3535390000
24-May-17,2401.41,2405.58,2397.99,2404.39,2404.39,3389900000
23-May-17,2397.04,2400.85,2393.88,2398.42,2398.42,3213570000
22-May-17,2387.21,2395.46,2386.92,2394.02,2394.02,3172830000
19-May-17,2371.37,2389.06,2370.43,2381.73,2381.73,3825160000
18-May-17,2354.69,2375.74,2352.72,2365.72,2365.72,4319420000
17-May-17,2382.95,2384.87,2356.21,2357.03,2357.03,4163000000
16-May-17,2404.55,2405.77,2396.05,2400.67,2400.67,3420790000
15-May-17,2393.98,2404.05,2393.94,2402.32,2402.32,3473600000
12-May-17,2392.44,2392.44,2387.19,2390.9,2390.9,3305630000
11-May-17,2394.84,2395.72,2381.74,2394.44,2394.44,3727420000
10-May-17,2396.79,2399.74,2392.79,2399.63,2399.63,3643530000
9-May-17,2401.58,2403.87,2392.44,2396.92,2396.92,3653590000
8-May-17,2399.94,2401.36,2393.92,2399.38,2399.38,3429440000
5-May-17,2392.37,2399.29,2389.38,2399.29,2399.29,3540140000
4-May-17,2389.79,2391.43,2380.35,2389.52,2389.52,4362540000
3-May-17,2386.5,2389.82,2379.75,2388.13,2388.13,3893990000
2-May-17,2391.05,2392.93,2385.82,2391.17,2391.17,3813680000
1-May-17,2388.5,2394.49,2384.83,2388.33,2388.33,3199240000
28-Apr-17,2393.68,2393.68,2382.36,2384.2,2384.2,3718270000
27-Apr-17,2389.7,2392.1,2382.68,2388.77,2388.77,4098460000
26-Apr-17,2388.98,2398.16,2386.78,2387.45,2387.45,4105920000
25-Apr-17,2381.51,2392.48,2381.15,2388.61,2388.61,3995240000
24-Apr-17,2370.33,2376.98,2369.19,2374.15,2374.15,3690650000
21-Apr-17,2354.74,2356.18,2344.51,2348.69,2348.69,3503360000
20-Apr-17,2342.69,2361.37,2340.91,2355.84,2355.84,3647420000
19-Apr-17,2346.79,2352.63,2335.05,2338.17,2338.17,3519900000
18-Apr-17,2342.53,2348.35,2334.54,2342.19,2342.19,3269840000
17-Apr-17,2332.62,2349.14,2332.51,2349.01,2349.01,2824710000
13-Apr-17,2341.98,2348.26,2328.95,2328.95,2328.95,3143890000
12-Apr-17,2352.15,2352.72,2341.18,2344.93,2344.93,3196950000
11-Apr-17,2353.92,2355.22,2337.25,2353.78,2353.78,3117420000
10-Apr-17,2357.16,2366.37,2351.5,2357.16,2357.16,2785410000
7-Apr-17,2356.59,2363.76,2350.74,2355.54,2355.54,3053150000
6-Apr-17,2353.79,2364.16,2348.9,2357.49,2357.49,3201920000
5-Apr-17,2366.59,2378.36,2350.52,2352.95,2352.95,3770520000
4-Apr-17,2354.76,2360.53,2350.72,2360.16,2360.16,3206240000
3-Apr-17,2362.34,2365.87,2344.73,2358.84,2358.84,3416400000
31-Mar-17,2364.82,2370.35,2362.6,2362.72,2362.72,3354110000
30-Mar-17,2361.31,2370.42,2358.58,2368.06,2368.06,3158420000
29-Mar-17,2356.54,2363.36,2352.94,2361.13,2361.13,3106940000
28-Mar-17,2339.79,2363.78,2337.63,2358.57,2358.57,3367780000
27-Mar-17,2329.11,2344.9,2322.25,2341.59,2341.59,3240230000
24-Mar-17,2350.42,2356.22,2335.74,2343.98,2343.98,2975130000
23-Mar-17,2345.97,2358.92,2342.13,2345.96,2345.96,3260600000
22-Mar-17,2343,2351.81,2336.45,2348.45,2348.45,3572730000
21-Mar-17,2379.32,2381.93,2341.9,2344.02,2344.02,4265590000
20-Mar-17,2378.24,2379.55,2369.66,2373.47,2373.47,3054930000
17-Mar-17,2383.71,2385.71,2377.64,2378.25,2378.25,5178040000
16-Mar-17,2387.71,2388.1,2377.18,2381.38,2381.38,3365660000
15-Mar-17,2370.34,2390.01,2368.94,2385.26,2385.26,3906840000
14-Mar-17,2368.55,2368.55,2358.18,2365.45,2365.45,3172630000
13-Mar-17,2371.56,2374.42,2368.52,2373.47,2373.47,3133900000
10-Mar-17,2372.52,2376.86,2363.04,2372.6,2372.6,3432950000
9-Mar-17,2363.49,2369.08,2354.54,2364.87,2364.87,3716340000
8-Mar-17,2369.81,2373.09,2361.01,2362.98,2362.98,3812100000
7-Mar-17,2370.74,2375.12,2365.51,2368.39,2368.39,3518390000
6-Mar-17,2375.23,2378.8,2367.98,2375.31,2375.31,3232700000
3-Mar-17,2380.92,2383.89,2375.39,2383.12,2383.12,3555260000
2-Mar-17,2394.75,2394.75,2380.17,2381.92,2381.92,3821320000
1-Mar-17,2380.13,2400.98,2380.13,2395.96,2395.96,4345180000
28-Feb-17,2366.08,2367.79,2358.96,2363.64,2363.64,4210140000
27-Feb-17,2365.23,2371.54,2361.87,2369.75,2369.75,3582610000
24-Feb-17,2355.73,2367.34,2352.87,2367.34,2367.34,3831570000
23-Feb-17,2367.5,2368.26,2355.09,2363.81,2363.81,4015260000
22-Feb-17,2361.11,2365.13,2358.34,2362.82,2362.82,3468670000
21-Feb-17,2354.91,2366.71,2354.91,2365.38,2365.38,3579780000
17-Feb-17,2343.01,2351.16,2339.58,2351.16,2351.16,3513060000
16-Feb-17,2349.64,2351.31,2338.87,2347.22,2347.22,3672370000
15-Feb-17,2335.58,2351.3,2334.81,2349.25,2349.25,3775590000
14-Feb-17,2326.12,2337.58,2322.17,2337.58,2337.58,3520910000
13-Feb-17,2321.72,2331.58,2321.42,2328.25,2328.25,3349730000
10-Feb-17,2312.27,2319.23,2311.1,2316.1,2316.1,3475020000
9-Feb-17,2296.7,2311.08,2296.61,2307.87,2307.87,3677940000
8-Feb-17,2289.55,2295.91,2285.38,2294.67,2294.67,3609740000
7-Feb-17,2295.87,2299.4,2290.16,2293.08,2293.08,3448690000
6-Feb-17,2294.28,2296.18,2288.57,2292.56,2292.56,3109050000
3-Feb-17,2288.54,2298.31,2287.88,2297.42,2297.42,3597970000
2-Feb-17,2276.69,2283.97,2271.65,2280.85,2280.85,3807710000
1-Feb-17,2285.59,2289.14,2272.44,2279.55,2279.55,3916610000
31-Jan-17,2274.02,2279.09,2267.21,2278.87,2278.87,4087450000
30-Jan-17,2286.01,2286.01,2268.04,2280.9,2280.9,3591270000
27-Jan-17,2299.02,2299.02,2291.62,2294.69,2294.69,3135890000
26-Jan-17,2298.63,2300.99,2294.08,2296.68,2296.68,3610360000
25-Jan-17,2288.88,2299.55,2288.88,2298.37,2298.37,3846020000
24-Jan-17,2267.88,2284.63,2266.68,2280.07,2280.07,3810960000
23-Jan-17,2267.78,2271.78,2257.02,2265.2,2265.2,3152710000
20-Jan-17,2269.96,2276.96,2265.01,2271.31,2271.31,3524970000
19-Jan-17,2271.9,2274.33,2258.41,2263.69,2263.69,3165970000
18-Jan-17,2269.14,2272.01,2263.35,2271.89,2271.89,3315250000
17-Jan-17,2269.14,2272.08,2262.81,2267.89,2267.89,3584990000
13-Jan-17,2272.74,2278.68,2271.51,2274.64,2274.64,3081270000
12-Jan-17,2271.14,2271.78,2254.25,2270.44,2270.44,3462130000
11-Jan-17,2268.6,2275.32,2260.83,2275.32,2275.32,3620410000
10-Jan-17,2269.72,2279.27,2265.27,2268.9,2268.9,3638790000
9-Jan-17,2273.59,2275.49,2268.9,2268.9,2268.9,3217610000
6-Jan-17,2271.14,2282.1,2264.06,2276.98,2276.98,3339890000
5-Jan-17,2268.18,2271.5,2260.45,2269,2269,3761820000
4-Jan-17,2261.6,2272.82,2261.6,2270.75,2270.75,3764890000
3-Jan-17,2251.57,2263.88,2245.13,2257.83,2257.83,3770530000
30-Dec-16,2251.61,2253.58,2233.62,2238.83,2238.83,2670900000
29-Dec-16,2249.5,2254.51,2244.56,2249.26,2249.26,2336370000
28-Dec-16,2270.23,2271.31,2249.11,2249.92,2249.92,2392360000
27-Dec-16,2266.23,2273.82,2266.15,2268.88,2268.88,1987080000
23-Dec-16,2260.25,2263.79,2258.84,2263.79,2263.79,2020550000
22-Dec-16,2262.93,2263.18,2256.08,2260.96,2260.96,2876320000
21-Dec-16,2270.54,2271.23,2265.15,2265.18,2265.18,2852230000
20-Dec-16,2266.5,2272.56,2266.14,2270.76,2270.76,3298780000
19-Dec-16,2259.24,2267.47,2258.21,2262.53,2262.53,3248370000
16-Dec-16,2266.81,2268.05,2254.24,2258.07,2258.07,5920340000
15-Dec-16,2253.77,2272.12,2253.77,2262.03,2262.03,4168200000
14-Dec-16,2268.35,2276.2,2248.44,2253.28,2253.28,4406970000
13-Dec-16,2263.32,2277.53,2263.32,2271.72,2271.72,3857590000
12-Dec-16,2258.83,2264.03,2252.37,2256.96,2256.96,4034510000
9-Dec-16,2249.73,2259.8,2249.23,2259.53,2259.53,3884480000
8-Dec-16,2241.13,2251.69,2237.57,2246.19,2246.19,4200580000
7-Dec-16,2210.72,2241.63,2208.93,2241.35,2241.35,4501820000
6-Dec-16,2207.26,2212.78,2202.21,2212.23,2212.23,3855320000
5-Dec-16,2200.65,2209.42,2199.97,2204.71,2204.71,3895230000
2-Dec-16,2191.12,2197.95,2188.37,2191.95,2191.95,3779500000
1-Dec-16,2200.17,2202.6,2187.44,2191.08,2191.08,5063740000
30-Nov-16,2204.97,2214.1,2198.81,2198.81,2198.81,5533980000
29-Nov-16,2200.76,2210.46,2198.15,2204.66,2204.66,3706560000
28-Nov-16,2210.21,2211.14,2200.36,2201.72,2201.72,3505650000
25-Nov-16,2206.27,2213.35,2206.27,2213.35,2213.35,1584600000
23-Nov-16,2198.55,2204.72,2194.51,2204.72,2204.72,3418640000
22-Nov-16,2201.56,2204.8,2194.51,2202.94,2202.94,3957940000
21-Nov-16,2186.43,2198.7,2186.43,2198.18,2198.18,3607010000
18-Nov-16,2186.85,2189.89,2180.38,2181.9,2181.9,3572400000
17-Nov-16,2178.61,2188.06,2176.65,2187.12,2187.12,3809160000
16-Nov-16,2177.53,2179.22,2172.2,2176.94,2176.94,3830590000
15-Nov-16,2168.29,2180.84,2166.38,2180.39,2180.39,4543860000
14-Nov-16,2165.64,2171.36,2156.08,2164.2,2164.2,5367200000
11-Nov-16,2162.71,2165.92,2152.49,2164.45,2164.45,4988050000
10-Nov-16,2167.49,2182.3,2151.17,2167.48,2167.48,6451640000
9-Nov-16,2131.56,2170.1,2125.35,2163.26,2163.26,6264150000
8-Nov-16,2129.92,2146.87,2123.56,2139.56,2139.56,3916930000
7-Nov-16,2100.59,2132,2100.59,2131.52,2131.52,3736060000
4-Nov-16,2083.79,2099.07,2083.79,2085.18,2085.18,3837860000
3-Nov-16,2098.8,2102.56,2085.23,2088.66,2088.66,3886740000
2-Nov-16,2109.43,2111.76,2094,2097.94,2097.94,4248580000
1-Nov-16,2128.68,2131.45,2097.85,2111.72,2111.72,4532160000
31-Oct-16,2129.78,2133.25,2125.53,2126.15,2126.15,3922400000
28-Oct-16,2132.23,2140.72,2119.36,2126.41,2126.41,4019510000
27-Oct-16,2144.06,2147.13,2132.52,2133.04,2133.04,4204830000
26-Oct-16,2136.97,2145.73,2131.59,2139.43,2139.43,3775200000
25-Oct-16,2149.72,2151.44,2141.93,2143.16,2143.16,3751340000
24-Oct-16,2148.5,2154.79,2146.91,2151.33,2151.33,3357320000
21-Oct-16,2139.43,2142.63,2130.09,2141.16,2141.16,3448850000
20-Oct-16,2142.51,2147.18,2133.44,2141.34,2141.34,3337170000
19-Oct-16,2140.81,2148.44,2138.15,2144.29,2144.29,3362670000
18-Oct-16,2138.31,2144.38,2135.49,2139.6,2139.6,3170000000
17-Oct-16,2132.95,2135.61,2124.43,2126.5,2126.5,2830390000
14-Oct-16,2139.68,2149.19,2132.98,2132.98,2132.98,3228150000
13-Oct-16,2130.26,2138.19,2114.72,2132.55,2132.55,3580450000
12-Oct-16,2137.67,2145.36,2132.77,2139.18,2139.18,2977100000
11-Oct-16,2161.35,2161.56,2128.84,2136.73,2136.73,3438270000
10-Oct-16,2160.39,2169.6,2160.39,2163.66,2163.66,2916550000
7-Oct-16,2164.19,2165.86,2144.85,2153.74,2153.74,3619890000
6-Oct-16,2158.22,2162.93,2150.28,2160.77,2160.77,3461550000
5-Oct-16,2155.15,2163.95,2155.15,2159.73,2159.73,3906550000
4-Oct-16,2163.37,2165.46,2144.01,2150.49,2150.49,3750890000
3-Oct-16,2164.33,2164.41,2154.77,2161.2,2161.2,3137550000
30-Sep-16,2156.51,2175.3,2156.51,2168.27,2168.27,4173340000
29-Sep-16,2168.9,2172.67,2145.2,2151.13,2151.13,4249220000
28-Sep-16,2161.85,2172.4,2151.79,2171.37,2171.37,3891460000
27-Sep-16,2146.04,2161.13,2141.55,2159.93,2159.93,3437770000
26-Sep-16,2158.54,2158.54,2145.04,2146.1,2146.1,3216170000
23-Sep-16,2173.29,2173.75,2163.97,2164.69,2164.69,3317190000
22-Sep-16,2170.94,2179.99,2170.94,2177.18,2177.18,3552830000
21-Sep-16,2144.58,2165.11,2139.57,2163.12,2163.12,3712090000
20-Sep-16,2145.94,2150.8,2139.17,2139.76,2139.76,3140730000
19-Sep-16,2143.99,2153.61,2135.91,2139.12,2139.12,3163000000
16-Sep-16,2146.48,2146.48,2131.2,2139.16,2139.16,5014360000
15-Sep-16,2125.36,2151.31,2122.36,2147.26,2147.26,3373720000
14-Sep-16,2127.86,2141.33,2119.9,2125.77,2125.77,3664100000
13-Sep-16,2150.47,2150.47,2120.27,2127.02,2127.02,4141670000
12-Sep-16,2120.86,2163.3,2119.12,2159.04,2159.04,4010480000
9-Sep-16,2169.08,2169.08,2127.81,2127.81,2127.81,4233960000
8-Sep-16,2182.76,2184.94,2177.49,2181.3,2181.3,3727840000
7-Sep-16,2185.17,2187.87,2179.07,2186.16,2186.16,3319420000
6-Sep-16,2181.61,2186.57,2175.1,2186.48,2186.48,3447650000
2-Sep-16,2177.49,2184.87,2173.59,2179.98,2179.98,3091120000
1-Sep-16,2171.33,2173.56,2157.09,2170.86,2170.86,3392120000
31-Aug-16,2173.56,2173.79,2161.35,2170.95,2170.95,3766390000
30-Aug-16,2179.45,2182.27,2170.41,2176.12,2176.12,3006800000
29-Aug-16,2170.19,2183.48,2170.19,2180.38,2180.38,2654780000
26-Aug-16,2175.1,2187.94,2160.39,2169.04,2169.04,3342340000
25-Aug-16,2173.29,2179,2169.74,2172.47,2172.47,2969310000
24-Aug-16,2185.09,2186.66,2171.25,2175.44,2175.44,3148280000
23-Aug-16,2187.81,2193.42,2186.8,2186.9,2186.9,3041490000
22-Aug-16,2181.58,2185.15,2175.96,2182.64,2182.64,2777550000
19-Aug-16,2184.24,2185,2175.13,2183.87,2183.87,3084800000
18-Aug-16,2181.9,2187.03,2180.46,2187.02,2187.02,3300570000
17-Aug-16,2177.84,2183.08,2168.5,2182.22,2182.22,3388910000
16-Aug-16,2186.24,2186.24,2178.14,2178.15,2178.15,3196400000
15-Aug-16,2186.08,2193.81,2186.08,2190.15,2190.15,3078530000
12-Aug-16,2183.74,2186.28,2179.42,2184.05,2184.05,3000660000
11-Aug-16,2177.97,2188.45,2177.97,2185.79,2185.79,3423160000
10-Aug-16,2182.81,2183.41,2172,2175.49,2175.49,3254950000
9-Aug-16,2182.24,2187.66,2178.61,2181.74,2181.74,3334300000
8-Aug-16,2183.76,2185.44,2177.85,2180.89,2180.89,3327550000
5-Aug-16,2168.79,2182.87,2168.79,2182.87,2182.87,3663070000
4-Aug-16,2163.51,2168.19,2159.07,2164.25,2164.25,3709200000
3-Aug-16,2156.81,2163.79,2152.56,2163.79,2163.79,3786530000
2-Aug-16,2169.94,2170.2,2147.58,2157.03,2157.03,3848750000
1-Aug-16,2173.15,2178.29,2166.21,2170.84,2170.84,3505990000
29-Jul-16,2168.83,2177.09,2163.49,2173.6,2173.6,4038840000
28-Jul-16,2166.05,2172.85,2159.74,2170.06,2170.06,3664240000
27-Jul-16,2169.81,2174.98,2159.07,2166.58,2166.58,3995500000
26-Jul-16,2168.97,2173.54,2160.18,2169.18,2169.18,3442350000
25-Jul-16,2173.71,2173.71,2161.95,2168.48,2168.48,3057240000
22-Jul-16,2166.47,2175.11,2163.24,2175.03,2175.03,3023280000
21-Jul-16,2172.91,2174.56,2159.75,2165.17,2165.17,3438900000
20-Jul-16,2166.1,2175.63,2164.89,2173.02,2173.02,3211860000
19-Jul-16,2163.79,2164.63,2159.01,2163.78,2163.78,2968340000
18-Jul-16,2162.04,2168.35,2159.63,2166.89,2166.89,3009310000
15-Jul-16,2165.13,2169.05,2155.79,2161.74,2161.74,3122600000
14-Jul-16,2157.88,2168.99,2157.88,2163.75,2163.75,3465610000
13-Jul-16,2153.81,2156.45,2146.21,2152.43,2152.43,3502320000
12-Jul-16,2139.5,2155.4,2139.5,2152.14,2152.14,4097820000
11-Jul-16,2131.72,2143.16,2131.72,2137.16,2137.16,3253340000
8-Jul-16,2106.97,2131.71,2106.97,2129.9,2129.9,3607500000
7-Jul-16,2100.42,2109.08,2089.39,2097.9,2097.9,3604550000
6-Jul-16,2084.43,2100.72,2074.02,2099.73,2099.73,3909380000
5-Jul-16,2095.05,2095.05,2080.86,2088.55,2088.55,3658380000
1-Jul-16,2099.34,2108.71,2097.9,2102.95,2102.95,3458890000
30-Jun-16,2073.17,2098.94,2070,2098.86,2098.86,4622820000
29-Jun-16,2042.69,2073.13,2042.69,2070.77,2070.77,4241740000
28-Jun-16,2006.67,2036.09,2006.67,2036.09,2036.09,4385810000
27-Jun-16,2031.45,2031.45,1991.68,2000.54,2000.54,5431220000
24-Jun-16,2103.81,2103.81,2032.57,2037.41,2037.41,7597450000
23-Jun-16,2092.8,2113.32,2092.8,2113.32,2113.32,3297940000
22-Jun-16,2089.75,2099.71,2084.36,2085.45,2085.45,3168160000
21-Jun-16,2085.19,2093.66,2083.02,2088.9,2088.9,3232880000
20-Jun-16,2075.58,2100.66,2075.58,2083.25,2083.25,3467440000
17-Jun-16,2078.2,2078.2,2062.84,2071.22,2071.22,4952630000
16-Jun-16,2066.36,2079.62,2050.37,2077.99,2077.99,3628280000
15-Jun-16,2077.6,2085.65,2069.8,2071.5,2071.5,3544720000
14-Jun-16,2076.65,2081.3,2064.1,2075.32,2075.32,3759770000
13-Jun-16,2091.75,2098.12,2078.46,2079.06,2079.06,3392030000
10-Jun-16,2109.57,2109.57,2089.96,2096.07,2096.07,3515010000
9-Jun-16,2115.65,2117.64,2107.73,2115.48,2115.48,3290320000
8-Jun-16,2112.71,2120.55,2112.71,2119.12,2119.12,3562060000
7-Jun-16,2110.18,2119.22,2110.18,2112.13,2112.13,3534730000
6-Jun-16,2100.83,2113.36,2100.83,2109.41,2109.41,3442020000
3-Jun-16,2104.07,2104.07,2085.36,2099.13,2099.13,3627780000
2-Jun-16,2097.71,2105.26,2088.59,2105.26,2105.26,3632720000
1-Jun-16,2093.94,2100.97,2085.1,2099.33,2099.33,3525170000
31-May-16,2100.13,2103.48,2088.66,2096.95,2096.95,4514410000
27-May-16,2090.06,2099.06,2090.06,2099.06,2099.06,3079150000
26-May-16,2091.44,2094.3,2087.08,2090.1,2090.1,3230990000
25-May-16,2078.93,2094.73,2078.93,2090.54,2090.54,3859160000
24-May-16,2052.65,2079.67,2052.65,2076.06,2076.06,3627340000
23-May-16,2052.23,2055.58,2047.26,2048.04,2048.04,3055480000
20-May-16,2041.88,2058.35,2041.88,2052.32,2052.32,3507650000
19-May-16,2044.21,2044.21,2025.91,2040.04,2040.04,3846770000
18-May-16,2044.38,2060.61,2034.49,2047.63,2047.63,4101320000
17-May-16,2065.04,2065.69,2040.82,2047.21,2047.21,4108960000
16-May-16,2046.53,2071.88,2046.53,2066.66,2066.66,3501360000
13-May-16,2062.5,2066.79,2043.13,2046.61,2046.61,3579880000
12-May-16,2067.17,2073.99,2053.13,2064.11,2064.11,3782390000
11-May-16,2083.29,2083.29,2064.46,2064.46,2064.46,3821980000
10-May-16,2062.63,2084.87,2062.63,2084.39,2084.39,3600200000
9-May-16,2057.55,2064.15,2054.31,2058.69,2058.69,3788620000
6-May-16,2047.77,2057.72,2039.45,2057.14,2057.14,3796350000
5-May-16,2052.95,2060.23,2045.77,2050.63,2050.63,4008530000
4-May-16,2060.3,2060.3,2045.55,2051.12,2051.12,4058560000
3-May-16,2077.18,2077.18,2054.89,2063.37,2063.37,4173390000
2-May-16,2067.17,2083.42,2066.11,2081.43,2081.43,3841110000
29-Apr-16,2071.82,2073.85,2052.28,2065.3,2065.3,4704720000
28-Apr-16,2090.93,2099.3,2071.62,2075.81,2075.81,4309840000
27-Apr-16,2092.33,2099.89,2082.31,2095.15,2095.15,4100110000
26-Apr-16,2089.84,2096.87,2085.8,2091.7,2091.7,3557190000
25-Apr-16,2089.37,2089.37,2077.52,2087.79,2087.79,3319740000
22-Apr-16,2091.49,2094.32,2081.2,2091.58,2091.58,3790580000
21-Apr-16,2102.09,2103.78,2088.52,2091.48,2091.48,4175290000
20-Apr-16,2101.52,2111.05,2096.32,2102.4,2102.4,4184880000
19-Apr-16,2096.05,2104.05,2091.68,2100.8,2100.8,3896830000
18-Apr-16,2078.83,2094.66,2073.65,2094.34,2094.34,3316880000
15-Apr-16,2083.1,2083.22,2076.31,2080.73,2080.73,3701450000
14-Apr-16,2082.89,2087.84,2078.13,2082.78,2082.78,3765870000
13-Apr-16,2065.92,2083.18,2065.92,2082.42,2082.42,4191830000
12-Apr-16,2043.72,2065.05,2039.74,2061.72,2061.72,4239740000
11-Apr-16,2050.23,2062.93,2041.88,2041.99,2041.99,3567840000
8-Apr-16,2045.54,2060.63,2041.69,2047.6,2047.6,3359530000
7-Apr-16,2063.01,2063.01,2033.8,2041.91,2041.91,3801250000
6-Apr-16,2045.56,2067.33,2043.09,2066.66,2066.66,3750800000
5-Apr-16,2062.5,2062.5,2042.56,2045.17,2045.17,4154920000
4-Apr-16,2073.19,2074.02,2062.57,2066.13,2066.13,3485710000
1-Apr-16,2056.62,2075.07,2043.98,2072.78,2072.78,3749990000
31-Mar-16,2063.77,2067.92,2057.46,2059.74,2059.74,3715280000
30-Mar-16,2058.27,2072.21,2058.27,2063.95,2063.95,3590310000
29-Mar-16,2035.75,2055.91,2028.31,2055.01,2055.01,3822330000
28-Mar-16,2037.89,2042.67,2031.96,2037.05,2037.05,2809090000
24-Mar-16,2032.48,2036.04,2022.49,2035.94,2035.94,3407720000
23-Mar-16,2048.55,2048.55,2034.86,2036.71,2036.71,3639510000
22-Mar-16,2048.64,2056.6,2040.57,2049.8,2049.8,3418460000
21-Mar-16,2047.88,2053.91,2043.14,2051.6,2051.6,3376600000
18-Mar-16,2041.16,2052.36,2041.16,2049.58,2049.58,6503140000
17-Mar-16,2026.9,2046.24,2022.16,2040.59,2040.59,4530480000
16-Mar-16,2014.24,2032.02,2010.04,2027.22,2027.22,4057020000
15-Mar-16,2015.27,2015.94,2005.23,2015.93,2015.93,3560280000
14-Mar-16,2019.27,2024.57,2012.05,2019.64,2019.64,3487850000
11-Mar-16,1994.71,2022.37,1994.71,2022.19,2022.19,4078620000
10-Mar-16,1990.97,2005.08,1969.25,1989.57,1989.57,4376790000
9-Mar-16,1981.44,1992.69,1979.84,1989.26,1989.26,4038120000
8-Mar-16,1996.88,1996.88,1977.43,1979.26,1979.26,4641650000
7-Mar-16,1996.11,2006.12,1989.38,2001.76,2001.76,4968180000
4-Mar-16,1994.01,2009.13,1986.77,1999.99,1999.99,6049930000
3-Mar-16,1985.6,1993.69,1977.37,1993.4,1993.4,5081700000
2-Mar-16,1976.6,1986.51,1968.8,1986.45,1986.45,4666610000
1-Mar-16,1937.09,1978.35,1937.09,1978.35,1978.35,4819750000
29-Feb-16,1947.13,1958.27,1931.81,1932.23,1932.23,4588180000
26-Feb-16,1954.95,1962.96,1945.78,1948.05,1948.05,4348510000
25-Feb-16,1931.87,1951.83,1925.41,1951.7,1951.7,4118210000
24-Feb-16,1917.56,1932.08,1891,1929.8,1929.8,4317250000
23-Feb-16,1942.38,1942.38,1919.44,1921.27,1921.27,3890650000
22-Feb-16,1924.44,1946.7,1924.44,1945.5,1945.5,4054710000
19-Feb-16,1916.74,1918.78,1902.17,1917.78,1917.78,4142850000
18-Feb-16,1927.57,1930,1915.09,1917.83,1917.83,4436490000
17-Feb-16,1898.8,1930.68,1898.8,1926.82,1926.82,5011540000
16-Feb-16,1871.44,1895.77,1871.44,1895.58,1895.58,4570670000
12-Feb-16,1833.4,1864.78,1833.4,1864.78,1864.78,4696920000
11-Feb-16,1847,1847,1810.1,1829.08,1829.08,5500800000
10-Feb-16,1857.1,1881.6,1850.32,1851.86,1851.86,4471170000
9-Feb-16,1848.46,1868.25,1834.94,1852.21,1852.21,5183220000
8-Feb-16,1873.25,1873.25,1828.46,1853.44,1853.44,5636460000
5-Feb-16,1913.07,1913.07,1872.65,1880.05,1880.05,4929940000
4-Feb-16,1911.67,1927.35,1900.52,1915.45,1915.45,5193320000
3-Feb-16,1907.07,1918.01,1872.23,1912.53,1912.53,5172950000
2-Feb-16,1935.26,1935.26,1897.29,1903.03,1903.03,4463190000
1-Feb-16,1936.94,1947.2,1920.3,1939.38,1939.38,4322530000
29-Jan-16,1894,1940.24,1894,1940.24,1940.24,5497570000
28-Jan-16,1885.22,1902.96,1873.65,1893.36,1893.36,4693010000
27-Jan-16,1902.52,1916.99,1872.7,1882.95,1882.95,4754040000
26-Jan-16,1878.79,1906.73,1878.79,1903.63,1903.63,4357940000
25-Jan-16,1906.28,1906.28,1875.97,1877.08,1877.08,4401380000
22-Jan-16,1877.4,1908.85,1877.4,1906.9,1906.9,4901760000
21-Jan-16,1861.46,1889.85,1848.98,1868.99,1868.99,5078810000
20-Jan-16,1876.18,1876.18,1812.29,1859.33,1859.33,6416070000
19-Jan-16,1888.66,1901.44,1864.6,1881.33,1881.33,4928350000
15-Jan-16,1916.68,1916.68,1857.83,1880.33,1880.33,5468460000
14-Jan-16,1891.68,1934.47,1878.93,1921.84,1921.84,5241110000
13-Jan-16,1940.34,1950.33,1886.41,1890.28,1890.28,5087030000
12-Jan-16,1927.83,1947.38,1914.35,1938.68,1938.68,4887260000
11-Jan-16,1926.12,1935.65,1901.1,1923.67,1923.67,4607290000
8-Jan-16,1945.97,1960.4,1918.46,1922.03,1922.03,4664940000
7-Jan-16,1985.32,1985.32,1938.83,1943.09,1943.09,5076590000
6-Jan-16,2011.71,2011.71,1979.05,1990.26,1990.26,4336660000
5-Jan-16,2013.78,2021.94,2004.17,2016.71,2016.71,3706620000
4-Jan-16,2038.2,2038.2,1989.68,2012.66,2012.66,4304880000
31-Dec-15,2060.59,2062.54,2043.62,2043.94,2043.94,2655330000
30-Dec-15,2077.34,2077.34,2061.97,2063.36,2063.36,2367430000
29-Dec-15,2060.54,2081.56,2060.54,2078.36,2078.36,2542000000
28-Dec-15,2057.77,2057.77,2044.2,2056.5,2056.5,2492510000
24-Dec-15,2063.52,2067.36,2058.73,2060.99,2060.99,1411860000
23-Dec-15,2042.2,2064.73,2042.2,2064.29,2064.29,3484090000
22-Dec-15,2023.15,2042.74,2020.49,2038.97,2038.97,3520860000
21-Dec-15,2010.27,2022.9,2005.93,2021.15,2021.15,3760280000
18-Dec-15,2040.81,2040.81,2005.33,2005.55,2005.55,6683070000
17-Dec-15,2073.76,2076.37,2041.66,2041.89,2041.89,4327390000
16-Dec-15,2046.5,2076.72,2042.43,2073.07,2073.07,4635450000
15-Dec-15,2025.55,2053.87,2025.55,2043.41,2043.41,4353540000
14-Dec-15,2013.37,2022.92,1993.26,2021.94,2021.94,4612440000
11-Dec-15,2047.27,2047.27,2008.8,2012.37,2012.37,4301060000
10-Dec-15,2047.93,2067.65,2045.67,2052.23,2052.23,3715150000
9-Dec-15,2061.17,2080.33,2036.53,2047.62,2047.62,4385250000
8-Dec-15,2073.39,2073.85,2052.32,2063.59,2063.59,4173570000
7-Dec-15,2090.42,2090.42,2066.78,2077.07,2077.07,4043820000
4-Dec-15,2051.24,2093.84,2051.24,2091.69,2091.69,4214910000
3-Dec-15,2080.71,2085,2042.35,2049.62,2049.62,4306490000
2-Dec-15,2101.71,2104.27,2077.11,2079.51,2079.51,3950640000
1-Dec-15,2082.93,2103.37,2082.93,2102.63,2102.63,3712120000
30-Nov-15,2090.95,2093.81,2080.41,2080.41,2080.41,4275030000
27-Nov-15,2088.82,2093.29,2084.13,2090.11,2090.11,1466840000
25-Nov-15,2089.3,2093,2086.3,2088.87,2088.87,2852940000
24-Nov-15,2084.42,2094.12,2070.29,2089.14,2089.14,3884930000
23-Nov-15,2089.41,2095.61,2081.39,2086.59,2086.59,3587980000
20-Nov-15,2082.82,2097.06,2082.82,2089.17,2089.17,3929600000
19-Nov-15,2083.7,2086.74,2078.76,2081.24,2081.24,3628110000
18-Nov-15,2051.99,2085.31,2051.99,2083.58,2083.58,3926390000
17-Nov-15,2053.67,2066.69,2045.9,2050.44,2050.44,4427350000
16-Nov-15,2022.08,2053.22,2019.39,2053.19,2053.19,3741240000
13-Nov-15,2044.64,2044.64,2022.02,2023.04,2023.04,4278750000
12-Nov-15,2072.29,2072.29,2045.66,2045.97,2045.97,4016370000
11-Nov-15,2083.41,2086.94,2074.85,2075,2075,3692410000
10-Nov-15,2077.19,2083.67,2069.91,2081.72,2081.72,3821440000
9-Nov-15,2096.56,2096.56,2068.24,2078.58,2078.58,3882350000
6-Nov-15,2098.6,2101.91,2083.74,2099.2,2099.2,4369020000
5-Nov-15,2101.68,2108.78,2090.41,2099.93,2099.93,4051890000
4-Nov-15,2110.6,2114.59,2096.98,2102.31,2102.31,4078870000
3-Nov-15,2102.63,2116.48,2097.51,2109.79,2109.79,4272060000
2-Nov-15,2080.76,2106.2,2080.76,2104.05,2104.05,3760020000
30-Oct-15,2090,2094.32,2079.34,2079.36,2079.36,4256200000
29-Oct-15,2088.35,2092.52,2082.63,2089.41,2089.41,4008940000
28-Oct-15,2066.48,2090.35,2063.11,2090.35,2090.35,4698110000
27-Oct-15,2068.75,2070.37,2058.84,2065.89,2065.89,4216880000
26-Oct-15,2075.08,2075.14,2066.53,2071.18,2071.18,3385800000
23-Oct-15,2058.19,2079.74,2058.19,2075.15,2075.15,4108460000
22-Oct-15,2021.88,2055.2,2021.88,2052.51,2052.51,4430850000
21-Oct-15,2033.47,2037.97,2017.22,2018.94,2018.94,3627790000
20-Oct-15,2033.13,2039.12,2026.61,2030.77,2030.77,3331500000
19-Oct-15,2031.73,2034.45,2022.31,2033.66,2033.66,3287320000
16-Oct-15,2024.37,2033.54,2020.46,2033.11,2033.11,3595430000
15-Oct-15,1996.47,2024.15,1996.47,2023.86,2023.86,3746290000
14-Oct-15,2003.66,2009.56,1990.73,1994.24,1994.24,3644590000
13-Oct-15,2015,2022.34,2001.78,2003.69,2003.69,3401920000
12-Oct-15,2015.65,2018.66,2010.55,2017.46,2017.46,2893250000
9-Oct-15,2013.73,2020.13,2007.61,2014.89,2014.89,3706900000
8-Oct-15,1994.01,2016.5,1987.53,2013.43,2013.43,3939140000
7-Oct-15,1982.34,1999.31,1976.44,1995.83,1995.83,4666470000
6-Oct-15,1986.63,1991.62,1971.99,1979.92,1979.92,4202400000
5-Oct-15,1954.33,1989.17,1954.33,1987.05,1987.05,4334490000
2-Oct-15,1921.77,1951.36,1893.7,1951.36,1951.36,4378570000
1-Oct-15,1919.65,1927.21,1900.7,1923.82,1923.82,3983600000
30-Sep-15,1887.14,1920.53,1887.14,1920.03,1920.03,4525070000
29-Sep-15,1881.9,1899.48,1871.91,1884.09,1884.09,4132390000
28-Sep-15,1929.18,1929.18,1879.21,1881.77,1881.77,4326660000
25-Sep-15,1935.93,1952.89,1921.5,1931.34,1931.34,3721870000
24-Sep-15,1934.81,1937.17,1908.92,1932.24,1932.24,4091530000
23-Sep-15,1943.24,1949.52,1932.57,1938.76,1938.76,3190530000
22-Sep-15,1961.39,1961.39,1929.22,1942.74,1942.74,3808260000
21-Sep-15,1960.84,1979.64,1955.8,1966.97,1966.97,3269350000
18-Sep-15,1989.66,1989.66,1953.45,1958.03,1958.03,6021240000
17-Sep-15,1995.33,2020.86,1986.73,1990.2,1990.2,4183790000
16-Sep-15,1978.02,1997.26,1977.93,1995.31,1995.31,3630680000
15-Sep-15,1955.1,1983.19,1954.3,1978.09,1978.09,3239860000
14-Sep-15,1963.06,1963.06,1948.27,1953.03,1953.03,3000200000
11-Sep-15,1951.45,1961.05,1939.19,1961.05,1961.05,3218590000
10-Sep-15,1941.59,1965.29,1937.19,1952.29,1952.29,3626320000
9-Sep-15,1971.45,1988.63,1937.88,1942.04,1942.04,3652120000
8-Sep-15,1927.3,1970.42,1927.3,1969.41,1969.41,3548650000
4-Sep-15,1947.76,1947.76,1911.21,1921.22,1921.22,3167090000
3-Sep-15,1950.79,1975.01,1944.72,1951.13,1951.13,3520700000
2-Sep-15,1916.52,1948.91,1916.52,1948.86,1948.86,3742620000
1-Sep-15,1970.09,1970.09,1903.07,1913.85,1913.85,4371850000
31-Aug-15,1986.73,1986.73,1965.98,1972.18,1972.18,3915100000
28-Aug-15,1986.06,1993.48,1975.19,1988.87,1988.87,3949080000
27-Aug-15,1942.77,1989.6,1942.77,1987.66,1987.66,5006390000
26-Aug-15,1872.75,1943.09,1872.75,1940.51,1940.51,5338250000
25-Aug-15,1898.08,1948.04,1867.08,1867.61,1867.61,5183560000
24-Aug-15,1965.15,1965.15,1867.01,1893.21,1893.21,6612690000
21-Aug-15,2034.08,2034.08,1970.89,1970.89,1970.89,5018240000
20-Aug-15,2076.61,2076.61,2035.73,2035.73,2035.73,3922470000
19-Aug-15,2095.69,2096.17,2070.53,2079.61,2079.61,3512920000
18-Aug-15,2101.99,2103.47,2094.14,2096.92,2096.92,2949990000
17-Aug-15,2089.7,2102.87,2079.3,2102.44,2102.44,2867690000
14-Aug-15,2083.15,2092.45,2080.61,2091.54,2091.54,2795590000
13-Aug-15,2086.19,2092.93,2078.26,2083.39,2083.39,3221300000
12-Aug-15,2081.1,2089.06,2052.09,2086.05,2086.05,4269130000
11-Aug-15,2102.66,2102.66,2076.49,2084.07,2084.07,3708880000
10-Aug-15,2080.98,2105.35,2080.98,2104.18,2104.18,3514460000
7-Aug-15,2082.61,2082.61,2067.91,2077.57,2077.57,3602320000
6-Aug-15,2100.75,2103.32,2075.53,2083.56,2083.56,4246570000
5-Aug-15,2095.27,2112.66,2095.27,2099.84,2099.84,3968680000
4-Aug-15,2097.68,2102.51,2088.6,2093.32,2093.32,3546710000
3-Aug-15,2104.49,2105.7,2087.31,2098.04,2098.04,3476770000
31-Jul-15,2111.6,2114.24,2102.07,2103.84,2103.84,3681340000
30-Jul-15,2106.78,2110.48,2094.97,2108.63,2108.63,3579410000
29-Jul-15,2094.7,2110.6,2094.08,2108.57,2108.57,4038900000
28-Jul-15,2070.75,2095.6,2069.09,2093.25,2093.25,4117740000
27-Jul-15,2078.19,2078.19,2063.52,2067.64,2067.64,3836750000
24-Jul-15,2102.24,2106.01,2077.09,2079.65,2079.65,3870040000
23-Jul-15,2114.16,2116.87,2098.63,2102.15,2102.15,3772810000
22-Jul-15,2118.21,2118.51,2110,2114.15,2114.15,3694070000
21-Jul-15,2127.55,2128.49,2115.4,2119.21,2119.21,3343690000
20-Jul-15,2126.85,2132.82,2123.66,2128.28,2128.28,3245870000
17-Jul-15,2126.8,2128.91,2119.88,2126.64,2126.64,3362750000
16-Jul-15,2110.55,2124.42,2110.55,2124.29,2124.29,3227080000
15-Jul-15,2109.01,2114.14,2102.49,2107.4,2107.4,3261810000
14-Jul-15,2099.72,2111.98,2098.18,2108.95,2108.95,3002120000
13-Jul-15,2080.03,2100.67,2080.03,2099.6,2099.6,3096730000
10-Jul-15,2052.74,2081.31,2052.74,2076.62,2076.62,3065070000
9-Jul-15,2049.73,2074.28,2049.73,2051.31,2051.31,3446810000
8-Jul-15,2077.66,2077.66,2044.66,2046.68,2046.68,3608780000
7-Jul-15,2069.52,2083.74,2044.02,2081.34,2081.34,4458660000
6-Jul-15,2073.95,2078.61,2058.4,2068.76,2068.76,3486360000
2-Jul-15,2078.03,2085.06,2071.02,2076.78,2076.78,2996540000
1-Jul-15,2067,2082.78,2067,2077.42,2077.42,3727260000
30-Jun-15,2061.19,2074.28,2056.32,2063.11,2063.11,4078540000
29-Jun-15,2098.63,2098.63,2056.64,2057.64,2057.64,3678960000
26-Jun-15,2102.62,2108.92,2095.38,2101.49,2101.49,5025470000
25-Jun-15,2109.96,2116.04,2101.78,2102.31,2102.31,3214610000
24-Jun-15,2123.65,2125.1,2108.58,2108.58,2108.58,3102480000
23-Jun-15,2123.16,2128.03,2119.89,2124.2,2124.2,3091190000
22-Jun-15,2112.5,2129.87,2112.5,2122.85,2122.85,3030020000
19-Jun-15,2121.06,2121.64,2109.45,2109.99,2109.99,4449810000
18-Jun-15,2101.58,2126.65,2101.58,2121.24,2121.24,3520360000
17-Jun-15,2097.4,2106.79,2088.86,2100.44,2100.44,3222240000
16-Jun-15,2084.26,2097.4,2082.1,2096.29,2096.29,2919900000
15-Jun-15,2091.34,2091.34,2072.49,2084.43,2084.43,3061570000
12-Jun-15,2107.43,2107.43,2091.33,2094.11,2094.11,2719400000
11-Jun-15,2106.24,2115.02,2106.24,2108.86,2108.86,3128600000
10-Jun-15,2081.12,2108.5,2081.12,2105.2,2105.2,3414320000
9-Jun-15,2079.07,2085.62,2072.14,2080.15,2080.15,3034580000
8-Jun-15,2092.34,2093.01,2079.11,2079.28,2079.28,2917150000
5-Jun-15,2095.09,2100.99,2085.67,2092.83,2092.83,3243690000
4-Jun-15,2112.35,2112.89,2093.23,2095.84,2095.84,3200050000
3-Jun-15,2110.64,2121.92,2109.61,2114.07,2114.07,3099980000
2-Jun-15,2110.41,2117.59,2099.14,2109.6,2109.6,3049350000
1-Jun-15,2108.64,2119.15,2102.54,2111.73,2111.73,3011710000
29-May-15,2120.66,2120.66,2104.89,2107.39,2107.39,3927390000
28-May-15,2122.27,2122.27,2112.86,2120.79,2120.79,2980350000
27-May-15,2105.13,2126.22,2105.13,2123.48,2123.48,3127960000
26-May-15,2125.34,2125.34,2099.18,2104.2,2104.2,3342130000
22-May-15,2130.36,2132.15,2126.06,2126.06,2126.06,2571860000
21-May-15,2125.55,2134.28,2122.95,2130.82,2130.82,3070460000
20-May-15,2127.79,2134.72,2122.59,2125.85,2125.85,3025880000
19-May-15,2129.45,2133.02,2124.5,2127.83,2127.83,3296030000
18-May-15,2121.3,2131.78,2120.01,2129.2,2129.2,2888190000
15-May-15,2122.07,2123.89,2116.81,2122.73,2122.73,3092080000
14-May-15,2100.43,2121.45,2100.43,2121.1,2121.1,3225740000
13-May-15,2099.62,2110.19,2096.04,2098.48,2098.48,3374260000
12-May-15,2102.87,2105.06,2085.57,2099.12,2099.12,3139520000
11-May-15,2115.56,2117.69,2104.58,2105.33,2105.33,2992670000
8-May-15,2092.13,2117.66,2092.13,2116.1,2116.1,3399440000
7-May-15,2079.96,2092.9,2074.99,2088,2088,3676640000
6-May-15,2091.26,2098.42,2067.93,2080.15,2080.15,3792210000
5-May-15,2112.63,2115.24,2088.46,2089.46,2089.46,3793950000
4-May-15,2110.23,2120.95,2110.23,2114.49,2114.49,3091580000
1-May-15,2087.38,2108.41,2087.38,2108.29,2108.29,3379390000
30-Apr-15,2105.52,2105.52,2077.59,2085.51,2085.51,4509680000
29-Apr-15,2112.49,2113.65,2097.41,2106.85,2106.85,4074970000
28-Apr-15,2108.35,2116.04,2094.89,2114.76,2114.76,3546270000
27-Apr-15,2119.29,2125.92,2107.04,2108.92,2108.92,3438750000
24-Apr-15,2112.8,2120.92,2112.8,2117.69,2117.69,3375780000
23-Apr-15,2107.21,2120.49,2103.19,2112.93,2112.93,3636670000
22-Apr-15,2098.27,2109.98,2091.05,2107.96,2107.96,3348480000
21-Apr-15,2102.82,2109.64,2094.38,2097.29,2097.29,3243410000
20-Apr-15,2084.11,2103.94,2084.11,2100.4,2100.4,3000160000
17-Apr-15,2102.58,2102.58,2072.37,2081.18,2081.18,3627600000
16-Apr-15,2105.96,2111.3,2100.02,2104.99,2104.99,3434120000
15-Apr-15,2097.82,2111.91,2097.82,2106.63,2106.63,4013760000
14-Apr-15,2092.28,2098.62,2083.24,2095.84,2095.84,3301270000
13-Apr-15,2102.03,2107.65,2092.33,2092.43,2092.43,2908420000
10-Apr-15,2091.51,2102.61,2091.51,2102.06,2102.06,3156200000
9-Apr-15,2081.29,2093.31,2074.29,2091.18,2091.18,3172360000
8-Apr-15,2076.94,2086.69,2073.3,2081.9,2081.9,3265330000
7-Apr-15,2080.79,2089.81,2076.1,2076.33,2076.33,3065510000
6-Apr-15,2064.87,2086.99,2056.52,2080.62,2080.62,3302970000
2-Apr-15,2060.03,2072.17,2057.32,2066.96,2066.96,3095960000
1-Apr-15,2067.63,2067.63,2048.38,2059.69,2059.69,3543270000
31-Mar-15,2084.05,2084.05,2067.04,2067.89,2067.89,3376550000
30-Mar-15,2064.11,2088.97,2064.11,2086.24,2086.24,2917690000
27-Mar-15,2055.78,2062.83,2052.96,2061.02,2061.02,3008550000
26-Mar-15,2059.94,2067.15,2045.5,2056.15,2056.15,3510670000
25-Mar-15,2093.1,2097.43,2061.05,2061.05,2061.05,3521140000
24-Mar-15,2103.94,2107.63,2091.5,2091.5,2091.5,3189820000
23-Mar-15,2107.99,2114.86,2104.42,2104.42,2104.42,3267960000
20-Mar-15,2090.32,2113.92,2090.32,2108.1,2108.1,5554120000
19-Mar-15,2098.69,2098.69,2085.56,2089.27,2089.27,3305220000
18-Mar-15,2072.84,2106.85,2061.23,2099.5,2099.5,4128210000
17-Mar-15,2080.59,2080.59,2065.08,2074.28,2074.28,3221840000
16-Mar-15,2055.35,2081.41,2055.35,2081.19,2081.19,3295600000
13-Mar-15,2064.56,2064.56,2041.17,2053.4,2053.4,3498560000
12-Mar-15,2041.1,2066.41,2041.1,2065.95,2065.95,3405860000
11-Mar-15,2044.69,2050.08,2039.69,2040.24,2040.24,3406570000
10-Mar-15,2076.14,2076.14,2044.16,2044.16,2044.16,3668900000
9-Mar-15,2072.25,2083.49,2072.21,2079.43,2079.43,3349090000
6-Mar-15,2100.91,2100.91,2067.27,2071.26,2071.26,3853570000
5-Mar-15,2098.54,2104.25,2095.22,2101.04,2101.04,3103030000
4-Mar-15,2107.72,2107.72,2094.49,2098.53,2098.53,3421110000
3-Mar-15,2115.76,2115.76,2098.26,2107.78,2107.78,3262300000
2-Mar-15,2105.23,2117.52,2104.5,2117.39,2117.39,3409490000
27-Feb-15,2110.88,2112.74,2103.75,2104.5,2104.5,3547380000
26-Feb-15,2113.91,2113.91,2103.76,2110.74,2110.74,3408690000
25-Feb-15,2115.3,2119.59,2109.89,2113.86,2113.86,3312340000
24-Feb-15,2109.1,2117.94,2105.87,2115.48,2115.48,3199840000
23-Feb-15,2109.83,2110.05,2103,2109.66,2109.66,3093680000
20-Feb-15,2097.65,2110.61,2085.44,2110.3,2110.3,3281600000
19-Feb-15,2099.25,2102.13,2090.79,2097.45,2097.45,3247100000
18-Feb-15,2099.16,2100.23,2092.15,2099.68,2099.68,3370020000
17-Feb-15,2096.47,2101.3,2089.8,2100.34,2100.34,3361750000
13-Feb-15,2088.78,2097.03,2086.7,2096.99,2096.99,3527450000
12-Feb-15,2069.98,2088.53,2069.98,2088.48,2088.48,3788350000
11-Feb-15,2068.55,2073.48,2057.99,2068.53,2068.53,3596860000
10-Feb-15,2049.38,2070.86,2048.62,2068.59,2068.59,3669850000
9-Feb-15,2053.47,2056.16,2041.88,2046.74,2046.74,3549540000
6-Feb-15,2062.28,2072.4,2049.97,2055.47,2055.47,4232970000
5-Feb-15,2043.45,2063.55,2043.45,2062.52,2062.52,3821990000
4-Feb-15,2048.86,2054.74,2036.72,2041.51,2041.51,4141920000
3-Feb-15,2022.71,2050.3,2022.71,2050.03,2050.03,4615900000
2-Feb-15,1996.67,2021.66,1980.9,2020.85,2020.85,4008330000
30-Jan-15,2019.35,2023.32,1993.38,1994.99,1994.99,4568650000
29-Jan-15,2002.45,2024.64,1989.18,2021.25,2021.25,4127140000
28-Jan-15,2032.34,2042.49,2001.49,2002.16,2002.16,4067530000
27-Jan-15,2047.86,2047.86,2019.91,2029.55,2029.55,3329810000
26-Jan-15,2050.42,2057.62,2040.97,2057.09,2057.09,3465760000
23-Jan-15,2062.98,2062.98,2050.54,2051.82,2051.82,3573560000
22-Jan-15,2034.3,2064.62,2026.38,2063.15,2063.15,4176050000
21-Jan-15,2020.19,2038.29,2012.04,2032.12,2032.12,3730070000
20-Jan-15,2020.76,2028.94,2004.49,2022.55,2022.55,3944340000
16-Jan-15,1992.25,2020.46,1988.12,2019.42,2019.42,4056410000
15-Jan-15,2013.75,2021.35,1991.47,1992.67,1992.67,4276720000
14-Jan-15,2018.4,2018.4,1988.44,2011.27,2011.27,4378680000
13-Jan-15,2031.58,2056.93,2008.25,2023.03,2023.03,4107300000
12-Jan-15,2046.13,2049.3,2022.58,2028.26,2028.26,3456460000
9-Jan-15,2063.45,2064.43,2038.33,2044.81,2044.81,3364140000
8-Jan-15,2030.61,2064.08,2030.61,2062.14,2062.14,3934010000
7-Jan-15,2005.55,2029.61,2005.55,2025.9,2025.9,3805480000
6-Jan-15,2022.15,2030.25,1992.44,2002.61,2002.61,4460110000
5-Jan-15,2054.44,2054.44,2017.34,2020.58,2020.58,3799120000
2-Jan-15,2058.9,2072.36,2046.04,2058.2,2058.2,2708700000
31-Dec-14,2082.11,2085.58,2057.94,2058.9,2058.9,2606070000
30-Dec-14,2088.49,2088.49,2079.53,2080.35,2080.35,2440280000
29-Dec-14,2087.63,2093.55,2085.75,2090.57,2090.57,2452360000
26-Dec-14,2084.3,2092.7,2084.3,2088.77,2088.77,1735230000
24-Dec-14,2083.25,2087.56,2081.86,2081.88,2081.88,1416980000
23-Dec-14,2081.48,2086.73,2079.77,2082.17,2082.17,3043950000
22-Dec-14,2069.28,2078.76,2069.28,2078.54,2078.54,3369520000
19-Dec-14,2061.04,2077.85,2061.03,2070.65,2070.65,6465530000
18-Dec-14,2018.98,2061.23,2018.98,2061.23,2061.23,4703380000
17-Dec-14,1973.77,2016.75,1973.77,2012.89,2012.89,4942370000
16-Dec-14,1986.71,2016.89,1972.56,1972.74,1972.74,4958680000
15-Dec-14,2005.03,2018.69,1982.26,1989.63,1989.63,4361990000
12-Dec-14,2030.36,2032.25,2002.33,2002.33,2002.33,4157650000
11-Dec-14,2027.92,2055.53,2027.92,2035.33,2035.33,3917950000
10-Dec-14,2058.86,2058.86,2024.26,2026.14,2026.14,4114440000
9-Dec-14,2056.55,2060.6,2034.17,2059.82,2059.82,3970150000
8-Dec-14,2074.84,2075.78,2054.27,2060.31,2060.31,3800990000
5-Dec-14,2072.78,2079.47,2070.81,2075.37,2075.37,3419620000
4-Dec-14,2073.64,2077.34,2062.34,2071.92,2071.92,3408340000
3-Dec-14,2067.45,2076.28,2066.65,2074.33,2074.33,3612680000
2-Dec-14,2053.77,2068.77,2053.77,2066.55,2066.55,3686650000
1-Dec-14,2065.78,2065.78,2049.57,2053.44,2053.44,4159010000
28-Nov-14,2074.78,2075.76,2065.06,2067.56,2067.56,2504640000
26-Nov-14,2067.36,2073.29,2066.62,2072.83,2072.83,2745260000
25-Nov-14,2070.15,2074.21,2064.75,2067.03,2067.03,3392940000
24-Nov-14,2065.07,2070.17,2065.07,2069.41,2069.41,3128060000
21-Nov-14,2057.46,2071.46,2056.75,2063.5,2063.5,3916420000
20-Nov-14,2045.87,2053.84,2040.49,2052.75,2052.75,3128290000
19-Nov-14,2051.16,2052.14,2040.37,2048.72,2048.72,3390850000
18-Nov-14,2041.48,2056.08,2041.48,2051.8,2051.8,3416190000
17-Nov-14,2038.29,2043.07,2034.46,2041.32,2041.32,3152890000
14-Nov-14,2039.74,2042.22,2035.2,2039.82,2039.82,3227130000
13-Nov-14,2039.21,2046.18,2030.44,2039.33,2039.33,3455270000
12-Nov-14,2037.75,2040.33,2031.95,2038.25,2038.25,3246650000
11-Nov-14,2038.2,2041.28,2035.28,2039.68,2039.68,2958320000
10-Nov-14,2032.01,2038.7,2030.17,2038.26,2038.26,3284940000
7-Nov-14,2032.36,2034.26,2025.07,2031.92,2031.92,3704280000
6-Nov-14,2023.33,2031.61,2015.86,2031.21,2031.21,3669770000
5-Nov-14,2015.29,2023.77,2014.42,2023.57,2023.57,3766590000
4-Nov-14,2015.81,2015.98,2001.01,2012.1,2012.1,3956260000
3-Nov-14,2018.21,2024.46,2013.68,2017.81,2017.81,3555440000
31-Oct-14,2001.2,2018.19,2001.2,2018.05,2018.05,4292290000
30-Oct-14,1979.49,1999.4,1974.75,1994.65,1994.65,3586150000
29-Oct-14,1983.29,1991.4,1969.04,1982.3,1982.3,3740350000
28-Oct-14,1964.14,1985.05,1964.14,1985.05,1985.05,3653260000
27-Oct-14,1962.97,1964.64,1951.37,1961.63,1961.63,3538860000
24-Oct-14,1951.59,1965.27,1946.27,1964.58,1964.58,3078380000
23-Oct-14,1931.02,1961.95,1931.02,1950.82,1950.82,3789250000
22-Oct-14,1941.29,1949.31,1926.83,1927.11,1927.11,3761930000
21-Oct-14,1909.38,1942.45,1909.38,1941.28,1941.28,3987090000
20-Oct-14,1885.62,1905.03,1882.3,1904.01,1904.01,3331210000
17-Oct-14,1864.91,1898.16,1864.91,1886.76,1886.76,4482120000
16-Oct-14,1855.95,1876.01,1835.02,1862.76,1862.76,5073150000
15-Oct-14,1874.18,1874.18,1820.66,1862.49,1862.49,6090800000
14-Oct-14,1877.11,1898.71,1871.79,1877.7,1877.7,4812010000
13-Oct-14,1905.65,1912.09,1874.14,1874.74,1874.74,4352580000
10-Oct-14,1925.63,1936.98,1906.05,1906.13,1906.13,4550540000
9-Oct-14,1967.68,1967.68,1927.56,1928.21,1928.21,4344020000
8-Oct-14,1935.55,1970.36,1925.25,1968.89,1968.89,4441890000
7-Oct-14,1962.36,1962.36,1934.87,1935.1,1935.1,3687870000
6-Oct-14,1970.01,1977.84,1958.43,1964.82,1964.82,3358220000
3-Oct-14,1948.12,1971.19,1948.12,1967.9,1967.9,3560970000
2-Oct-14,1945.83,1952.32,1926.03,1946.17,1946.17,4012510000
1-Oct-14,1971.44,1971.44,1941.72,1946.16,1946.16,4188590000
30-Sep-14,1978.21,1985.17,1968.96,1972.29,1972.29,3951100000
29-Sep-14,1978.96,1981.28,1964.04,1977.8,1977.8,3094440000
26-Sep-14,1966.22,1986.37,1966.22,1982.85,1982.85,2929440000
25-Sep-14,1997.32,1997.32,1965.99,1965.99,1965.99,3273050000
24-Sep-14,1983.34,1999.79,1978.63,1998.3,1998.3,3313850000
23-Sep-14,1992.78,1995.41,1982.77,1982.77,1982.77,3279350000
22-Sep-14,2009.08,2009.08,1991.01,1994.29,1994.29,3349670000
19-Sep-14,2012.74,2019.26,2006.59,2010.4,2010.4,4880220000
18-Sep-14,2003.07,2012.34,2003.07,2011.36,2011.36,3235340000
17-Sep-14,1999.3,2010.74,1993.29,2001.57,2001.57,3209420000
16-Sep-14,1981.93,2002.28,1979.06,1998.98,1998.98,3160310000
15-Sep-14,1986.04,1987.18,1978.48,1984.13,1984.13,2776530000
12-Sep-14,1996.74,1996.74,1980.26,1985.54,1985.54,3206570000
11-Sep-14,1992.85,1997.65,1985.93,1997.45,1997.45,2941690000
10-Sep-14,1988.41,1996.66,1982.99,1995.69,1995.69,2912430000
9-Sep-14,2000.73,2001.01,1984.61,1988.44,1988.44,2882830000
8-Sep-14,2007.17,2007.17,1995.6,2001.54,2001.54,2789090000
5-Sep-14,1998,2007.71,1990.1,2007.71,2007.71,2818300000
4-Sep-14,2001.67,2011.17,1992.54,1997.65,1997.65,3072410000
3-Sep-14,2003.57,2009.28,1998.14,2000.72,2000.72,2809980000
2-Sep-14,2004.07,2006.12,1994.85,2002.28,2002.28,2819980000
29-Aug-14,1998.45,2003.38,1994.65,2003.37,2003.37,2259130000
28-Aug-14,1997.42,1998.55,1990.52,1996.74,1996.74,2282400000
27-Aug-14,2000.54,2002.14,1996.2,2000.12,2000.12,2344350000
26-Aug-14,1998.59,2005.04,1998.59,2000.02,2000.02,2451950000
25-Aug-14,1991.74,2001.95,1991.74,1997.92,1997.92,2233880000
22-Aug-14,1992.6,1993.54,1984.76,1988.4,1988.4,2301860000
21-Aug-14,1986.82,1994.76,1986.82,1992.37,1992.37,2638920000
20-Aug-14,1980.46,1988.57,1977.68,1986.51,1986.51,2579560000
19-Aug-14,1972.73,1982.57,1972.73,1981.6,1981.6,2656430000
18-Aug-14,1958.36,1971.99,1958.36,1971.74,1971.74,2638160000
15-Aug-14,1958.87,1964.04,1941.5,1955.06,1955.06,3023380000
14-Aug-14,1947.41,1955.23,1947.41,1955.18,1955.18,2609460000
13-Aug-14,1935.6,1948.41,1935.6,1946.72,1946.72,2718020000
12-Aug-14,1935.73,1939.65,1928.29,1933.75,1933.75,2611700000
11-Aug-14,1933.43,1944.9,1933.43,1936.92,1936.92,2784890000
8-Aug-14,1910.35,1932.38,1909.01,1931.59,1931.59,2902280000
7-Aug-14,1923.03,1928.89,1904.78,1909.57,1909.57,3230520000
6-Aug-14,1917.29,1927.91,1911.45,1920.24,1920.24,3539150000
5-Aug-14,1936.34,1936.34,1913.77,1920.21,1920.21,3462520000
4-Aug-14,1926.62,1942.92,1921.2,1938.99,1938.99,3072920000
1-Aug-14,1929.8,1937.35,1916.37,1925.15,1925.15,3789660000
31-Jul-14,1965.14,1965.14,1930.67,1930.67,1930.67,4193000000
30-Jul-14,1973.21,1978.9,1962.42,1970.07,1970.07,3448250000
29-Jul-14,1980.03,1984.85,1969.95,1969.95,1969.95,3183300000
28-Jul-14,1978.25,1981.52,1967.31,1978.91,1978.91,2803320000
25-Jul-14,1984.6,1984.6,1974.37,1978.34,1978.34,2638960000
24-Jul-14,1988.07,1991.39,1985.79,1987.98,1987.98,3203530000
23-Jul-14,1985.32,1989.23,1982.44,1987.01,1987.01,2869720000
22-Jul-14,1975.65,1986.24,1975.65,1983.53,1983.53,2890480000
21-Jul-14,1976.93,1976.93,1965.77,1973.63,1973.63,2611160000
18-Jul-14,1961.54,1979.91,1960.82,1978.22,1978.22,3106060000
17-Jul-14,1979.75,1981.8,1955.59,1958.12,1958.12,3381680000
16-Jul-14,1976.35,1983.94,1975.67,1981.57,1981.57,3390950000
15-Jul-14,1977.36,1982.52,1965.34,1973.28,1973.28,3328740000
14-Jul-14,1969.86,1979.85,1969.86,1977.1,1977.1,2744920000
11-Jul-14,1965.76,1968.67,1959.63,1967.57,1967.57,2684630000
10-Jul-14,1966.67,1969.84,1952.86,1964.68,1964.68,3165690000
9-Jul-14,1965.1,1974.15,1965.1,1972.83,1972.83,2858800000
8-Jul-14,1976.39,1976.39,1959.46,1963.71,1963.71,3302430000
7-Jul-14,1984.22,1984.22,1974.88,1977.65,1977.65,2681260000
3-Jul-14,1975.88,1985.59,1975.88,1985.44,1985.44,1998090000
2-Jul-14,1973.06,1976.67,1972.58,1974.62,1974.62,2851480000
1-Jul-14,1962.29,1978.58,1962.29,1973.32,1973.32,3188240000
30-Jun-14,1960.79,1964.24,1958.22,1960.23,1960.23,3037350000
27-Jun-14,1956.56,1961.47,1952.18,1960.96,1960.96,4290590000
26-Jun-14,1959.89,1959.89,1944.69,1957.22,1957.22,2778840000
25-Jun-14,1949.27,1960.83,1947.49,1959.53,1959.53,3106710000
24-Jun-14,1961.97,1968.17,1948.34,1949.98,1949.98,3089700000
23-Jun-14,1962.92,1963.74,1958.89,1962.61,1962.61,2717630000
20-Jun-14,1960.45,1963.91,1959.17,1962.87,1962.87,4336240000
19-Jun-14,1957.5,1959.87,1952.26,1959.48,1959.48,2952150000
18-Jun-14,1942.73,1957.74,1939.29,1956.98,1956.98,3065220000
17-Jun-14,1937.15,1943.69,1933.55,1941.99,1941.99,2971260000
16-Jun-14,1934.84,1941.15,1930.91,1937.78,1937.78,2926130000
13-Jun-14,1930.8,1937.3,1927.69,1936.16,1936.16,2598230000
12-Jun-14,1943.35,1943.35,1925.78,1930.11,1930.11,3040480000
11-Jun-14,1949.37,1949.37,1940.08,1943.89,1943.89,2710620000
10-Jun-14,1950.34,1950.86,1944.64,1950.79,1950.79,2702360000
9-Jun-14,1948.97,1955.55,1947.16,1951.27,1951.27,2812180000
6-Jun-14,1942.41,1949.44,1942.41,1949.44,1949.44,2864300000
5-Jun-14,1928.52,1941.74,1922.93,1940.46,1940.46,3113270000
4-Jun-14,1923.06,1928.63,1918.6,1927.88,1927.88,2793920000
3-Jun-14,1923.07,1925.07,1918.79,1924.24,1924.24,2867180000
2-Jun-14,1923.87,1925.88,1915.98,1924.97,1924.97,2509020000
30-May-14,1920.33,1924.03,1916.64,1923.57,1923.57,3263490000
29-May-14,1910.6,1920.03,1909.82,1920.03,1920.03,2709050000
28-May-14,1911.77,1914.46,1907.3,1909.78,1909.78,2976450000
27-May-14,1902.01,1912.28,1902.01,1911.91,1911.91,2911020000
23-May-14,1893.32,1901.26,1893.32,1900.53,1900.53,2396280000
22-May-14,1888.19,1896.33,1885.39,1892.49,1892.49,2759800000
21-May-14,1873.34,1888.8,1873.34,1888.03,1888.03,2777140000
20-May-14,1884.88,1884.88,1868.14,1872.83,1872.83,3007700000
19-May-14,1876.66,1886,1872.42,1885.08,1885.08,2664250000
16-May-14,1871.19,1878.28,1864.82,1877.86,1877.86,3173650000
15-May-14,1888.16,1888.16,1862.36,1870.85,1870.85,3552640000
14-May-14,1897.13,1897.13,1885.77,1888.53,1888.53,2822060000
13-May-14,1896.75,1902.17,1896.06,1897.45,1897.45,2915680000
12-May-14,1880.03,1897.13,1880.03,1896.65,1896.65,3005740000
9-May-14,1875.27,1878.57,1867.02,1878.48,1878.48,3025020000
8-May-14,1877.39,1889.07,1870.05,1875.63,1875.63,3393420000
7-May-14,1868.53,1878.83,1859.79,1878.21,1878.21,3632950000
6-May-14,1883.69,1883.69,1867.72,1867.72,1867.72,3327260000
5-May-14,1879.45,1885.51,1866.77,1884.66,1884.66,2733730000
2-May-14,1885.3,1891.33,1878.5,1881.14,1881.14,3159560000
1-May-14,1884.39,1888.59,1878.04,1883.68,1883.68,3416740000
30-Apr-14,1877.1,1885.2,1872.69,1883.95,1883.95,3779230000
29-Apr-14,1870.78,1880.6,1870.78,1878.33,1878.33,3647820000
28-Apr-14,1865,1877.01,1850.61,1869.43,1869.43,4034680000
25-Apr-14,1877.72,1877.72,1859.7,1863.4,1863.4,3213020000
24-Apr-14,1881.97,1884.06,1870.24,1878.61,1878.61,3191830000
23-Apr-14,1879.32,1879.75,1873.91,1875.39,1875.39,3085720000
22-Apr-14,1872.57,1884.89,1872.57,1879.55,1879.55,3215440000
21-Apr-14,1865.79,1871.89,1863.18,1871.89,1871.89,2642500000
17-Apr-14,1861.73,1869.63,1856.72,1864.85,1864.85,3341430000
16-Apr-14,1846.01,1862.31,1846.01,1862.31,1862.31,3155080000
15-Apr-14,1831.45,1844.02,1816.29,1842.98,1842.98,3736440000
14-Apr-14,1818.18,1834.19,1815.8,1830.61,1830.61,3111540000
11-Apr-14,1830.65,1835.07,1814.36,1815.69,1815.69,3743460000
10-Apr-14,1872.28,1872.53,1830.87,1833.08,1833.08,3758780000
9-Apr-14,1852.64,1872.43,1852.38,1872.18,1872.18,3308650000
8-Apr-14,1845.48,1854.95,1837.49,1851.96,1851.96,3721450000
7-Apr-14,1863.92,1864.04,1841.48,1845.04,1845.04,3801540000
4-Apr-14,1890.25,1897.28,1863.26,1865.09,1865.09,3583750000
3-Apr-14,1891.43,1893.8,1882.65,1888.77,1888.77,3055600000
2-Apr-14,1886.61,1893.17,1883.79,1890.9,1890.9,3131660000
1-Apr-14,1873.96,1885.84,1873.96,1885.52,1885.52,3336190000
31-Mar-14,1859.16,1875.18,1859.16,1872.34,1872.34,3274300000
28-Mar-14,1850.07,1866.63,1850.07,1857.62,1857.62,2955520000
27-Mar-14,1852.11,1855.55,1842.11,1849.04,1849.04,3733430000
26-Mar-14,1867.09,1875.92,1852.56,1852.56,1852.56,3480850000
25-Mar-14,1859.48,1871.87,1855.96,1865.62,1865.62,3200560000
24-Mar-14,1867.67,1873.34,1849.69,1857.44,1857.44,3409000000
21-Mar-14,1874.53,1883.97,1863.46,1866.52,1866.52,5270710000
20-Mar-14,1860.09,1873.49,1854.63,1872.01,1872.01,3327540000
19-Mar-14,1872.25,1874.14,1850.35,1860.77,1860.77,3289210000
18-Mar-14,1858.92,1873.76,1858.92,1872.25,1872.25,2930190000
17-Mar-14,1842.81,1862.3,1842.81,1858.83,1858.83,2860490000
14-Mar-14,1845.07,1852.44,1839.57,1841.13,1841.13,3285460000
13-Mar-14,1869.06,1874.4,1841.86,1846.34,1846.34,3670990000
12-Mar-14,1866.15,1868.38,1854.38,1868.2,1868.2,3270860000
11-Mar-14,1878.26,1882.35,1863.88,1867.63,1867.63,3392400000
10-Mar-14,1877.86,1877.87,1867.04,1877.17,1877.17,3021350000
7-Mar-14,1878.52,1883.57,1870.56,1878.04,1878.04,3564740000
6-Mar-14,1874.18,1881.94,1874.18,1877.03,1877.03,3360450000
5-Mar-14,1874.05,1876.53,1871.11,1873.81,1873.81,3392990000
4-Mar-14,1849.23,1876.23,1849.23,1873.91,1873.91,3765770000
3-Mar-14,1857.68,1857.68,1834.44,1845.73,1845.73,3428220000
28-Feb-14,1855.12,1867.92,1847.67,1859.45,1859.45,3917450000
27-Feb-14,1844.9,1854.53,1841.13,1854.29,1854.29,3547460000
26-Feb-14,1845.79,1852.65,1840.66,1845.16,1845.16,3716730000
25-Feb-14,1847.66,1852.91,1840.19,1845.12,1845.12,3515560000
24-Feb-14,1836.78,1858.71,1836.78,1847.61,1847.61,4014530000
21-Feb-14,1841.07,1846.13,1835.6,1836.25,1836.25,3403880000
20-Feb-14,1829.24,1842.79,1824.58,1839.78,1839.78,3404980000
19-Feb-14,1838.9,1847.5,1826.99,1828.75,1828.75,3661570000
18-Feb-14,1839.03,1842.87,1835.01,1840.76,1840.76,3421110000
14-Feb-14,1828.46,1841.65,1825.59,1838.63,1838.63,3114750000
13-Feb-14,1814.82,1830.25,1809.22,1829.83,1829.83,3289510000
12-Feb-14,1820.12,1826.55,1815.97,1819.26,1819.26,3326380000
11-Feb-14,1800.45,1823.54,1800.41,1819.75,1819.75,3699380000
10-Feb-14,1796.2,1799.94,1791.83,1799.84,1799.84,3312160000
7-Feb-14,1776.01,1798.03,1776.01,1797.02,1797.02,3775990000
6-Feb-14,1752.99,1774.06,1752.99,1773.43,1773.43,3825410000
5-Feb-14,1753.38,1755.79,1737.92,1751.64,1751.64,3984290000
4-Feb-14,1743.82,1758.73,1743.82,1755.2,1755.2,4068410000
3-Feb-14,1782.68,1784.83,1739.66,1741.89,1741.89,4726040000
31-Jan-14,1790.88,1793.88,1772.26,1782.59,1782.59,4059690000
30-Jan-14,1777.17,1798.77,1777.17,1794.19,1794.19,3547510000
29-Jan-14,1790.15,1790.15,1770.45,1774.2,1774.2,3964020000
28-Jan-14,1783,1793.87,1779.49,1792.5,1792.5,3437830000
27-Jan-14,1791.03,1795.98,1772.88,1781.56,1781.56,4045200000
24-Jan-14,1826.96,1826.96,1790.29,1790.29,1790.29,4618450000
23-Jan-14,1842.29,1842.29,1820.06,1828.46,1828.46,3972250000
22-Jan-14,1844.71,1846.87,1840.88,1844.86,1844.86,3374170000
21-Jan-14,1841.05,1849.31,1832.38,1843.8,1843.8,3782470000
17-Jan-14,1844.23,1846.04,1835.23,1838.7,1838.7,3626120000
16-Jan-14,1847.99,1847.99,1840.3,1845.89,1845.89,3491310000
15-Jan-14,1840.52,1850.84,1840.52,1848.38,1848.38,3777800000
14-Jan-14,1821.36,1839.26,1821.36,1838.88,1838.88,3353270000
13-Jan-14,1841.26,1843.45,1815.52,1819.2,1819.2,3591350000
10-Jan-14,1840.06,1843.15,1832.43,1842.37,1842.37,3335710000
9-Jan-14,1839,1843.23,1830.38,1838.13,1838.13,3581150000
8-Jan-14,1837.9,1840.02,1831.4,1837.49,1837.49,3652140000
7-Jan-14,1828.71,1840.1,1828.71,1837.88,1837.88,3511750000
6-Jan-14,1832.31,1837.16,1823.73,1826.77,1826.77,3294850000
3-Jan-14,1833.21,1838.24,1829.13,1831.37,1831.37,2774270000
2-Jan-14,1845.86,1845.86,1827.74,1831.98,1831.98,3080600000